student_id,module_code,ca_type,marks
A00001Q,CS2105,PE,9
A00001Q,CS2105,Project,10
A00001Q,CS2105,Midterm,8
A00001Q,EG1109,PE,12
A00001Q,EG1109,Project,11
A00001Q,EG1109,Midterm,16
A00001Q,EG2009,PE,11
A00001Q,EG2009,Project,13
A00001Q,EG2009,Midterm,14
A00001Q,MA2230,PE,12
A00001Q,MA2230,Project,11
A00001Q,MA2230,Midterm,7
A00001Q,ST1231,PE,12
A00001Q,ST1231,Project,13
A00001Q,ST1231,Midterm,12
A00009E,CS1020,PE,15
A00009E,CS1020,Project,11
A00009E,CS1020,Midterm,13
A00009E,CS2107,PE,10
A00009E,CS2107,Project,12
A00009E,CS2107,Midterm,20
A00009E,EG2007,PE,14
A00009E,EG2007,Project,13
A00009E,EG2007,Midterm,7
A00009E,MA1106,PE,12
A00009E,MA1106,Project,13
A00009E,MA1106,Midterm,18
A00009E,ST1232,PE,10
A00009E,ST1232,Project,13
A00009E,ST1232,Midterm,10
A00009E,PS1101,PE,14
A00009E,PS1101,Project,12
A00009E,PS1101,Midterm,11
A00010X,CS1231,PE,6
A00010X,CS1231,Project,13
A00010X,CS1231,Midterm,15
A00010X,CS2106,PE,15
A00010X,CS2106,Project,13
A00010X,CS2106,Midterm,10
A00010X,CS2107,PE,7
A00010X,CS2107,Project,11
A00010X,CS2107,Midterm,16
A00010X,EG2204,PE,15
A00010X,EG2204,Project,11
A00010X,EG2204,Midterm,12
A00010X,EG2007,PE,6
A00010X,EG2007,Project,13
A00010X,EG2007,Midterm,10
A00018Q,CS1020,PE,9
A00018Q,CS1020,Project,13
A00018Q,CS1020,Midterm,13
A00018Q,CS2107,PE,12
A00018Q,CS2107,Project,15
A00018Q,CS2107,Midterm,9
A00018Q,EG1108,PE,11
A00018Q,EG1108,Project,15
A00018Q,EG1108,Midterm,19
A00018Q,EG2008,PE,7
A00018Q,EG2008,Project,13
A00018Q,EG2008,Midterm,20
A00018Q,MA2230,PE,8
A00018Q,MA2230,Project,15
A00018Q,MA2230,Midterm,16
A00026E,CS1231,PE,10
A00026E,CS1231,Project,14
A00026E,CS1231,Midterm,15
A00026E,EG1109,PE,12
A00026E,EG1109,Project,12
A00026E,EG1109,Midterm,6
A00026E,EG2006,PE,9
A00026E,EG2006,Project,11
A00026E,EG2006,Midterm,20
A00026E,MA1106,PE,9
A00026E,MA1106,Project,10
A00026E,MA1106,Midterm,18
A00026E,ST2131,PE,5
A00026E,ST2131,Project,11
A00026E,ST2131,Midterm,7
A00034T,CS1010E,PE,12
A00034T,CS1010E,Project,11
A00034T,CS1010E,Midterm,18
A00034T,CS2105,PE,15
A00034T,CS2105,Project,14
A00034T,CS2105,Midterm,5
A00034T,CS2106,PE,11
A00034T,CS2106,Project,11
A00034T,CS2106,Midterm,9
A00034T,EG1109,PE,10
A00034T,EG1109,Project,14
A00034T,EG1109,Midterm,15
A00034T,EG2006,PE,8
A00034T,EG2006,Project,13
A00034T,EG2006,Midterm,6
A00034T,EG2007,PE,15
A00034T,EG2007,Project,12
A00034T,EG2007,Midterm,17
A00044A,CS1231,PE,6
A00044A,CS1231,Project,14
A00044A,CS1231,Midterm,9
A00044A,CS2105,PE,15
A00044A,CS2105,Project,11
A00044A,CS2105,Midterm,15
A00044A,EG1108,PE,9
A00044A,EG1108,Project,10
A00044A,EG1108,Midterm,18
A00044A,EG1109,PE,9
A00044A,EG1109,Project,13
A00044A,EG1109,Midterm,14
A00044A,EG2006,PE,11
A00044A,EG2006,Project,10
A00044A,EG2006,Midterm,7
A00048P,CS1231,PE,9
A00048P,CS1231,Project,14
A00048P,CS1231,Midterm,14
A00048P,CS2105,PE,15
A00048P,CS2105,Project,11
A00048P,CS2105,Midterm,7
A00048P,EG2204,PE,13
A00048P,EG2204,Project,13
A00048P,EG2204,Midterm,6
A00048P,EG2009,PE,12
A00048P,EG2009,Project,13
A00048P,EG2009,Midterm,5
A00048P,MA1106,PE,10
A00048P,MA1106,Project,11
A00048P,MA1106,Midterm,14
A00048P,MA2230,PE,12
A00048P,MA2230,Project,11
A00048P,MA2230,Midterm,16
A00051B,CS1020,PE,14
A00051B,CS1020,Project,10
A00051B,CS1020,Midterm,14
A00051B,CS2010,PE,9
A00051B,CS2010,Project,10
A00051B,CS2010,Midterm,16
A00051B,CS1231,PE,10
A00051B,CS1231,Project,10
A00051B,CS1231,Midterm,17
A00051B,EG1109,PE,14
A00051B,EG1109,Project,12
A00051B,EG1109,Midterm,19
A00056E,CS2010,PE,12
A00056E,CS2010,Project,14
A00056E,CS2010,Midterm,14
A00056E,CS2105,PE,7
A00056E,CS2105,Project,14
A00056E,CS2105,Midterm,7
A00056E,EG1108,PE,7
A00056E,EG1108,Project,15
A00056E,EG1108,Midterm,7
A00056E,EG1109,PE,8
A00056E,EG1109,Project,11
A00056E,EG1109,Midterm,15
A00056E,EG2009,PE,5
A00056E,EG2009,Project,11
A00056E,EG2009,Midterm,7
A00057D,CS2010,PE,10
A00057D,CS2010,Project,14
A00057D,CS2010,Midterm,9
A00057D,CS2105,PE,11
A00057D,CS2105,Project,10
A00057D,CS2105,Midterm,19
A00057D,EG2204,PE,8
A00057D,EG2204,Project,11
A00057D,EG2204,Midterm,20
A00057D,EG2007,PE,8
A00057D,EG2007,Project,10
A00057D,EG2007,Midterm,5
A00057D,MA1106,PE,15
A00057D,MA1106,Project,13
A00057D,MA1106,Midterm,6
A00057D,ST2131,PE,13
A00057D,ST2131,Project,10
A00057D,ST2131,Midterm,14
A00060A,CS1231,PE,8
A00060A,CS1231,Project,11
A00060A,CS1231,Midterm,18
A00060A,CS2105,PE,9
A00060A,CS2105,Project,15
A00060A,CS2105,Midterm,4
A00060A,EG1109,PE,12
A00060A,EG1109,Project,15
A00060A,EG1109,Midterm,17
A00060A,EG2009,PE,6
A00060A,EG2009,Project,11
A00060A,EG2009,Midterm,6
A00060A,MA2100,PE,6
A00060A,MA2100,Project,12
A00060A,MA2100,Midterm,18
A00060A,CM1101,PE,14
A00060A,CM1101,Project,12
A00060A,CM1101,Midterm,14
A00063W,CS2105,PE,8
A00063W,CS2105,Project,14
A00063W,CS2105,Midterm,15
A00063W,CS2106,PE,8
A00063W,CS2106,Project,13
A00063W,CS2106,Midterm,20
A00063W,EG1108,PE,6
A00063W,EG1108,Project,14
A00063W,EG1108,Midterm,16
A00063W,EG2007,PE,9
A00063W,EG2007,Project,10
A00063W,EG2007,Midterm,10
A00072O,CS1020,PE,5
A00072O,CS1020,Project,13
A00072O,CS1020,Midterm,19
A00072O,CS2106,PE,6
A00072O,CS2106,Project,13
A00072O,CS2106,Midterm,10
A00072O,EG1108,PE,6
A00072O,EG1108,Project,12
A00072O,EG1108,Midterm,17
A00072O,EG2006,PE,11
A00072O,EG2006,Project,14
A00072O,EG2006,Midterm,20
A00072O,EG2008,PE,9
A00072O,EG2008,Project,11
A00072O,EG2008,Midterm,19
A00073G,CS1231,PE,10
A00073G,CS1231,Project,14
A00073G,CS1231,Midterm,8
A00073G,CS2107,PE,15
A00073G,CS2107,Project,13
A00073G,CS2107,Midterm,10
A00073G,EG1109,PE,7
A00073G,EG1109,Project,13
A00073G,EG1109,Midterm,13
A00073G,EG2007,PE,14
A00073G,EG2007,Project,13
A00073G,EG2007,Midterm,10
A00081U,CS1020,PE,13
A00081U,CS1020,Project,14
A00081U,CS1020,Midterm,16
A00081U,CS1231,PE,13
A00081U,CS1231,Project,11
A00081U,CS1231,Midterm,5
A00081U,EG1108,PE,9
A00081U,EG1108,Project,12
A00081U,EG1108,Midterm,6
A00081U,EG1109,PE,12
A00081U,EG1109,Project,14
A00081U,EG1109,Midterm,16
A00087E,CS1020,PE,6
A00087E,CS1020,Project,10
A00087E,CS1020,Midterm,12
A00087E,CS2107,PE,13
A00087E,CS2107,Project,12
A00087E,CS2107,Midterm,12
A00087E,EG1109,PE,5
A00087E,EG1109,Project,15
A00087E,EG1109,Midterm,19
A00087E,EG2009,PE,13
A00087E,EG2009,Project,13
A00087E,EG2009,Midterm,9
A00087E,MA2100,PE,8
A00087E,MA2100,Project,12
A00087E,MA2100,Midterm,20
A00087E,CM1101,PE,8
A00087E,CM1101,Project,13
A00087E,CM1101,Midterm,16
A00090M,CS2010,PE,6
A00090M,CS2010,Project,11
A00090M,CS2010,Midterm,4
A00090M,CS2107,PE,11
A00090M,CS2107,Project,11
A00090M,CS2107,Midterm,18
A00090M,EG2007,PE,5
A00090M,EG2007,Project,12
A00090M,EG2007,Midterm,17
A00090M,EG2009,PE,10
A00090M,EG2009,Project,10
A00090M,EG2009,Midterm,20
A00090M,MA2230,PE,5
A00090M,MA2230,Project,10
A00090M,MA2230,Midterm,5
A00090M,ST1232,PE,9
A00090M,ST1232,Project,12
A00090M,ST1232,Midterm,6
A00098A,CS2105,PE,10
A00098A,CS2105,Project,12
A00098A,CS2105,Midterm,6
A00098A,CS2106,PE,11
A00098A,CS2106,Project,11
A00098A,CS2106,Midterm,18
A00098A,CS2107,PE,14
A00098A,CS2107,Project,13
A00098A,CS2107,Midterm,12
A00098A,EG1108,PE,12
A00098A,EG1108,Project,15
A00098A,EG1108,Midterm,12
A00098A,EG2006,PE,5
A00098A,EG2006,Project,14
A00098A,EG2006,Midterm,11
A00098A,EG2008,PE,5
A00098A,EG2008,Project,11
A00098A,EG2008,Midterm,12
A00107J,CS1231,PE,14
A00107J,CS1231,Project,14
A00107J,CS1231,Midterm,9
A00107J,EG1108,PE,5
A00107J,EG1108,Project,10
A00107J,EG1108,Midterm,19
A00107J,EG2008,PE,8
A00107J,EG2008,Project,10
A00107J,EG2008,Midterm,16
A00107J,EG2009,PE,11
A00107J,EG2009,Project,13
A00107J,EG2009,Midterm,15
A00116O,CS1010E,PE,11
A00116O,CS1010E,Project,15
A00116O,CS1010E,Midterm,14
A00116O,CS2105,PE,9
A00116O,CS2105,Project,15
A00116O,CS2105,Midterm,14
A00116O,EG1108,PE,6
A00116O,EG1108,Project,10
A00116O,EG1108,Midterm,9
A00116O,EG2007,PE,15
A00116O,EG2007,Project,10
A00116O,EG2007,Midterm,14
A00116O,EG2008,PE,13
A00116O,EG2008,Project,11
A00116O,EG2008,Midterm,12
A00116O,EG2009,PE,6
A00116O,EG2009,Project,11
A00116O,EG2009,Midterm,5
A00121M,CS2010,PE,6
A00121M,CS2010,Project,12
A00121M,CS2010,Midterm,4
A00121M,EG1108,PE,15
A00121M,EG1108,Project,12
A00121M,EG1108,Midterm,16
A00121M,EG2204,PE,10
A00121M,EG2204,Project,12
A00121M,EG2204,Midterm,7
A00121M,EG2006,PE,11
A00121M,EG2006,Project,11
A00121M,EG2006,Midterm,11
A00121M,MA1105,PE,11
A00121M,MA1105,Project,13
A00121M,MA1105,Midterm,19
A00121M,MA2100,PE,11
A00121M,MA2100,Project,13
A00121M,MA2100,Midterm,12
A00124V,CS2105,PE,15
A00124V,CS2105,Project,11
A00124V,CS2105,Midterm,7
A00124V,EG2204,PE,14
A00124V,EG2204,Project,12
A00124V,EG2204,Midterm,15
A00124V,EG2009,PE,5
A00124V,EG2009,Project,10
A00124V,EG2009,Midterm,18
A00124V,MA2230,PE,11
A00124V,MA2230,Project,12
A00124V,MA2230,Midterm,5
A00124V,ST1231,PE,6
A00124V,ST1231,Project,10
A00124V,ST1231,Midterm,16
A00128Q,CS1010E,PE,7
A00128Q,CS1010E,Project,12
A00128Q,CS1010E,Midterm,4
A00128Q,CS2010,PE,12
A00128Q,CS2010,Project,14
A00128Q,CS2010,Midterm,5
A00128Q,CS2107,PE,7
A00128Q,CS2107,Project,15
A00128Q,CS2107,Midterm,4
A00128Q,EG2006,PE,14
A00128Q,EG2006,Project,12
A00128Q,EG2006,Midterm,4
A00128Q,MA1105,PE,10
A00128Q,MA1105,Project,11
A00128Q,MA1105,Midterm,16
A00137N,CS1020,PE,15
A00137N,CS1020,Project,10
A00137N,CS1020,Midterm,11
A00137N,CS2107,PE,13
A00137N,CS2107,Project,11
A00137N,CS2107,Midterm,4
A00137N,EG1108,PE,10
A00137N,EG1108,Project,10
A00137N,EG1108,Midterm,9
A00137N,EG1109,PE,5
A00137N,EG1109,Project,11
A00137N,EG1109,Midterm,20
A00143Y,CS2105,PE,15
A00143Y,CS2105,Project,10
A00143Y,CS2105,Midterm,15
A00143Y,CS2107,PE,15
A00143Y,CS2107,Project,10
A00143Y,CS2107,Midterm,9
A00143Y,EG2007,PE,6
A00143Y,EG2007,Project,12
A00143Y,EG2007,Midterm,20
A00143Y,MA1105,PE,9
A00143Y,MA1105,Project,13
A00143Y,MA1105,Midterm,11
A00143Y,MA2100,PE,12
A00143Y,MA2100,Project,10
A00143Y,MA2100,Midterm,8
A00143Y,ST1232,PE,13
A00143Y,ST1232,Project,11
A00143Y,ST1232,Midterm,18
A00145B,CS1231,PE,12
A00145B,CS1231,Project,14
A00145B,CS1231,Midterm,9
A00145B,EG1108,PE,13
A00145B,EG1108,Project,12
A00145B,EG1108,Midterm,9
A00145B,EG2204,PE,9
A00145B,EG2204,Project,14
A00145B,EG2204,Midterm,12
A00145B,MA1105,PE,13
A00145B,MA1105,Project,12
A00145B,MA1105,Midterm,20
A00145B,MA1106,PE,11
A00145B,MA1106,Project,13
A00145B,MA1106,Midterm,18
A00148Y,CS2105,PE,9
A00148Y,CS2105,Project,13
A00148Y,CS2105,Midterm,4
A00148Y,EG1109,PE,12
A00148Y,EG1109,Project,14
A00148Y,EG1109,Midterm,19
A00148Y,EG2008,PE,10
A00148Y,EG2008,Project,12
A00148Y,EG2008,Midterm,10
A00148Y,MA2100,PE,15
A00148Y,MA2100,Project,13
A00148Y,MA2100,Midterm,18
A00148Y,MA2230,PE,13
A00148Y,MA2230,Project,13
A00148Y,MA2230,Midterm,17
A00148Y,CM1101,PE,13
A00148Y,CM1101,Project,12
A00148Y,CM1101,Midterm,17
A00158G,CS1010E,PE,5
A00158G,CS1010E,Project,14
A00158G,CS1010E,Midterm,5
A00158G,CS2010,PE,5
A00158G,CS2010,Project,13
A00158G,CS2010,Midterm,12
A00158G,CS2105,PE,9
A00158G,CS2105,Project,11
A00158G,CS2105,Midterm,11
A00158G,EG1108,PE,10
A00158G,EG1108,Project,12
A00158G,EG1108,Midterm,11
A00158G,EG2204,PE,7
A00158G,EG2204,Project,15
A00158G,EG2204,Midterm,4
A00158G,MA1105,PE,15
A00158G,MA1105,Project,12
A00158G,MA1105,Midterm,12
A00166X,CS1231,PE,6
A00166X,CS1231,Project,12
A00166X,CS1231,Midterm,12
A00166X,CS2107,PE,13
A00166X,CS2107,Project,10
A00166X,CS2107,Midterm,5
A00166X,EG1108,PE,13
A00166X,EG1108,Project,10
A00166X,EG1108,Midterm,16
A00166X,EG1109,PE,7
A00166X,EG1109,Project,13
A00166X,EG1109,Midterm,5
A00167I,CS1010E,PE,13
A00167I,CS1010E,Project,15
A00167I,CS1010E,Midterm,7
A00167I,CS2010,PE,10
A00167I,CS2010,Project,14
A00167I,CS2010,Midterm,19
A00167I,EG1108,PE,14
A00167I,EG1108,Project,12
A00167I,EG1108,Midterm,19
A00167I,EG2204,PE,8
A00167I,EG2204,Project,15
A00167I,EG2204,Midterm,12
A00171P,CS2010,PE,7
A00171P,CS2010,Project,15
A00171P,CS2010,Midterm,10
A00171P,CS1231,PE,7
A00171P,CS1231,Project,13
A00171P,CS1231,Midterm,20
A00171P,EG1109,PE,10
A00171P,EG1109,Project,11
A00171P,EG1109,Midterm,9
A00171P,EG2006,PE,14
A00171P,EG2006,Project,13
A00171P,EG2006,Midterm,4
A00171P,EG2008,PE,12
A00171P,EG2008,Project,10
A00171P,EG2008,Midterm,10
A00176I,CS1231,PE,15
A00176I,CS1231,Project,13
A00176I,CS1231,Midterm,15
A00176I,CS2107,PE,7
A00176I,CS2107,Project,10
A00176I,CS2107,Midterm,17
A00176I,EG2006,PE,8
A00176I,EG2006,Project,15
A00176I,EG2006,Midterm,6
A00176I,EG2009,PE,9
A00176I,EG2009,Project,11
A00176I,EG2009,Midterm,17
A00176I,MA1106,PE,9
A00176I,MA1106,Project,11
A00176I,MA1106,Midterm,15
A00176I,ST1232,PE,15
A00176I,ST1232,Project,13
A00176I,ST1232,Midterm,4
A00178Y,CS1020,PE,8
A00178Y,CS1020,Project,11
A00178Y,CS1020,Midterm,13
A00178Y,CS1231,PE,10
A00178Y,CS1231,Project,12
A00178Y,CS1231,Midterm,17
A00178Y,CS2106,PE,7
A00178Y,CS2106,Project,15
A00178Y,CS2106,Midterm,18
A00178Y,EG2204,PE,7
A00178Y,EG2204,Project,14
A00178Y,EG2204,Midterm,16
A00178Y,EG2007,PE,11
A00178Y,EG2007,Project,11
A00178Y,EG2007,Midterm,14
A00188E,CS2105,PE,11
A00188E,CS2105,Project,11
A00188E,CS2105,Midterm,18
A00188E,EG2204,PE,11
A00188E,EG2204,Project,14
A00188E,EG2204,Midterm,4
A00188E,EG2008,PE,9
A00188E,EG2008,Project,11
A00188E,EG2008,Midterm,14
A00188E,EG2009,PE,8
A00188E,EG2009,Project,14
A00188E,EG2009,Midterm,15
A00188E,MA2230,PE,13
A00188E,MA2230,Project,15
A00188E,MA2230,Midterm,8
A00188E,ST2131,PE,13
A00188E,ST2131,Project,15
A00188E,ST2131,Midterm,15
A00196P,CS1010E,PE,5
A00196P,CS1010E,Project,12
A00196P,CS1010E,Midterm,6
A00196P,CS2105,PE,12
A00196P,CS2105,Project,12
A00196P,CS2105,Midterm,6
A00196P,CS2106,PE,6
A00196P,CS2106,Project,12
A00196P,CS2106,Midterm,19
A00196P,CS2107,PE,11
A00196P,CS2107,Project,12
A00196P,CS2107,Midterm,14
A00196P,EG1108,PE,11
A00196P,EG1108,Project,11
A00196P,EG1108,Midterm,15
A00196P,EG1109,PE,6
A00196P,EG1109,Project,11
A00196P,EG1109,Midterm,5
A00206I,CS2010,PE,7
A00206I,CS2010,Project,14
A00206I,CS2010,Midterm,14
A00206I,EG1108,PE,9
A00206I,EG1108,Project,14
A00206I,EG1108,Midterm,17
A00206I,EG1109,PE,6
A00206I,EG1109,Project,10
A00206I,EG1109,Midterm,14
A00206I,EG2204,PE,15
A00206I,EG2204,Project,14
A00206I,EG2204,Midterm,14
A00215P,CS1020,PE,13
A00215P,CS1020,Project,14
A00215P,CS1020,Midterm,19
A00215P,CS1231,PE,5
A00215P,CS1231,Project,10
A00215P,CS1231,Midterm,4
A00215P,CS2106,PE,11
A00215P,CS2106,Project,15
A00215P,CS2106,Midterm,14
A00215P,EG2204,PE,13
A00215P,EG2204,Project,11
A00215P,EG2204,Midterm,14
A00225O,CS1231,PE,13
A00225O,CS1231,Project,15
A00225O,CS1231,Midterm,18
A00225O,EG1108,PE,10
A00225O,EG1108,Project,10
A00225O,EG1108,Midterm,12
A00225O,EG2204,PE,13
A00225O,EG2204,Project,14
A00225O,EG2204,Midterm,13
A00225O,EG2006,PE,6
A00225O,EG2006,Project,10
A00225O,EG2006,Midterm,9
A00225O,MA1105,PE,8
A00225O,MA1105,Project,15
A00225O,MA1105,Midterm,8
A00228Z,CS1231,PE,9
A00228Z,CS1231,Project,13
A00228Z,CS1231,Midterm,19
A00228Z,CS2105,PE,12
A00228Z,CS2105,Project,15
A00228Z,CS2105,Midterm,10
A00228Z,EG1109,PE,5
A00228Z,EG1109,Project,12
A00228Z,EG1109,Midterm,16
A00228Z,EG2204,PE,8
A00228Z,EG2204,Project,13
A00228Z,EG2204,Midterm,20
A00228Z,EG2006,PE,15
A00228Z,EG2006,Project,10
A00228Z,EG2006,Midterm,12
A00232H,CS2010,PE,5
A00232H,CS2010,Project,12
A00232H,CS2010,Midterm,18
A00232H,CS2105,PE,10
A00232H,CS2105,Project,10
A00232H,CS2105,Midterm,17
A00232H,CS2106,PE,6
A00232H,CS2106,Project,13
A00232H,CS2106,Midterm,7
A00232H,EG2006,PE,7
A00232H,EG2006,Project,15
A00232H,EG2006,Midterm,9
A00241H,CS1231,PE,6
A00241H,CS1231,Project,11
A00241H,CS1231,Midterm,11
A00241H,CS2107,PE,8
A00241H,CS2107,Project,14
A00241H,CS2107,Midterm,16
A00241H,EG2007,PE,8
A00241H,EG2007,Project,13
A00241H,EG2007,Midterm,17
A00241H,EG2008,PE,15
A00241H,EG2008,Project,10
A00241H,EG2008,Midterm,10
A00241H,MA1105,PE,14
A00241H,MA1105,Project,13
A00241H,MA1105,Midterm,8
A00243K,CS1020,PE,9
A00243K,CS1020,Project,15
A00243K,CS1020,Midterm,12
A00243K,CS2106,PE,7
A00243K,CS2106,Project,15
A00243K,CS2106,Midterm,15
A00243K,EG1109,PE,7
A00243K,EG1109,Project,14
A00243K,EG1109,Midterm,11
A00243K,EG2008,PE,14
A00243K,EG2008,Project,12
A00243K,EG2008,Midterm,8
A00243K,EG2009,PE,14
A00243K,EG2009,Project,10
A00243K,EG2009,Midterm,14
A00243K,MA1105,PE,7
A00243K,MA1105,Project,12
A00243K,MA1105,Midterm,11
A00245P,CS1010E,PE,12
A00245P,CS1010E,Project,10
A00245P,CS1010E,Midterm,5
A00245P,CS2106,PE,9
A00245P,CS2106,Project,14
A00245P,CS2106,Midterm,18
A00245P,EG1109,PE,8
A00245P,EG1109,Project,15
A00245P,EG1109,Midterm,14
A00245P,EG2009,PE,5
A00245P,EG2009,Project,11
A00245P,EG2009,Midterm,20
A00245P,MA2230,PE,5
A00245P,MA2230,Project,13
A00245P,MA2230,Midterm,13
A00249V,CS1020,PE,10
A00249V,CS1020,Project,12
A00249V,CS1020,Midterm,17
A00249V,CS1231,PE,5
A00249V,CS1231,Project,13
A00249V,CS1231,Midterm,10
A00249V,CS2105,PE,15
A00249V,CS2105,Project,15
A00249V,CS2105,Midterm,17
A00249V,EG2204,PE,12
A00249V,EG2204,Project,11
A00249V,EG2204,Midterm,5
A00257W,CS2010,PE,13
A00257W,CS2010,Project,14
A00257W,CS2010,Midterm,19
A00257W,CS1231,PE,12
A00257W,CS1231,Project,15
A00257W,CS1231,Midterm,17
A00257W,CS2107,PE,8
A00257W,CS2107,Project,13
A00257W,CS2107,Midterm,12
A00257W,EG2204,PE,14
A00257W,EG2204,Project,13
A00257W,EG2204,Midterm,7
A00257W,EG2007,PE,5
A00257W,EG2007,Project,11
A00257W,EG2007,Midterm,12
A00257W,MA1106,PE,12
A00257W,MA1106,Project,15
A00257W,MA1106,Midterm,10
A00265R,CS2010,PE,5
A00265R,CS2010,Project,10
A00265R,CS2010,Midterm,13
A00265R,EG1108,PE,13
A00265R,EG1108,Project,14
A00265R,EG1108,Midterm,9
A00265R,EG2204,PE,5
A00265R,EG2204,Project,12
A00265R,EG2204,Midterm,6
A00265R,EG2006,PE,8
A00265R,EG2006,Project,10
A00265R,EG2006,Midterm,11
A00270U,CS1231,PE,13
A00270U,CS1231,Project,15
A00270U,CS1231,Midterm,18
A00270U,CS2105,PE,11
A00270U,CS2105,Project,15
A00270U,CS2105,Midterm,17
A00270U,CS2106,PE,5
A00270U,CS2106,Project,11
A00270U,CS2106,Midterm,17
A00270U,CS2107,PE,13
A00270U,CS2107,Project,14
A00270U,CS2107,Midterm,9
A00270U,EG1109,PE,14
A00270U,EG1109,Project,12
A00270U,EG1109,Midterm,9
A00270U,EG2009,PE,11
A00270U,EG2009,Project,15
A00270U,EG2009,Midterm,4
A00279U,CS1010E,PE,12
A00279U,CS1010E,Project,11
A00279U,CS1010E,Midterm,9
A00279U,CS1231,PE,10
A00279U,CS1231,Project,13
A00279U,CS1231,Midterm,19
A00279U,CS2106,PE,9
A00279U,CS2106,Project,11
A00279U,CS2106,Midterm,6
A00279U,EG1109,PE,5
A00279U,EG1109,Project,13
A00279U,EG1109,Midterm,17
A00279U,EG2008,PE,8
A00279U,EG2008,Project,10
A00279U,EG2008,Midterm,17
A00288L,CS2105,PE,8
A00288L,CS2105,Project,14
A00288L,CS2105,Midterm,5
A00288L,CS2107,PE,15
A00288L,CS2107,Project,12
A00288L,CS2107,Midterm,4
A00288L,EG2006,PE,8
A00288L,EG2006,Project,14
A00288L,EG2006,Midterm,4
A00288L,EG2007,PE,12
A00288L,EG2007,Project,13
A00288L,EG2007,Midterm,12
A00288L,MA2100,PE,15
A00288L,MA2100,Project,12
A00288L,MA2100,Midterm,17
A00288L,ST1232,PE,13
A00288L,ST1232,Project,12
A00288L,ST1232,Midterm,17
A00298J,CS2010,PE,7
A00298J,CS2010,Project,10
A00298J,CS2010,Midterm,15
A00298J,CS2106,PE,6
A00298J,CS2106,Project,14
A00298J,CS2106,Midterm,4
A00298J,EG2006,PE,11
A00298J,EG2006,Project,14
A00298J,EG2006,Midterm,9
A00298J,EG2009,PE,15
A00298J,EG2009,Project,13
A00298J,EG2009,Midterm,10
A00305B,CS1231,PE,14
A00305B,CS1231,Project,10
A00305B,CS1231,Midterm,19
A00305B,EG1109,PE,9
A00305B,EG1109,Project,14
A00305B,EG1109,Midterm,10
A00305B,EG2008,PE,6
A00305B,EG2008,Project,10
A00305B,EG2008,Midterm,8
A00305B,EG2009,PE,9
A00305B,EG2009,Project,10
A00305B,EG2009,Midterm,14
A00305B,ST2131,PE,9
A00305B,ST2131,Project,15
A00305B,ST2131,Midterm,7
A00305B,CM1101,PE,15
A00305B,CM1101,Project,12
A00305B,CM1101,Midterm,8
A00312S,CS1231,PE,6
A00312S,CS1231,Project,15
A00312S,CS1231,Midterm,8
A00312S,CS2105,PE,5
A00312S,CS2105,Project,14
A00312S,CS2105,Midterm,6
A00312S,CS2107,PE,7
A00312S,CS2107,Project,11
A00312S,CS2107,Midterm,19
A00312S,EG1109,PE,11
A00312S,EG1109,Project,14
A00312S,EG1109,Midterm,15
A00318F,CS1020,PE,14
A00318F,CS1020,Project,10
A00318F,CS1020,Midterm,8
A00318F,CS2107,PE,8
A00318F,CS2107,Project,15
A00318F,CS2107,Midterm,12
A00318F,EG1108,PE,15
A00318F,EG1108,Project,14
A00318F,EG1108,Midterm,20
A00318F,EG1109,PE,9
A00318F,EG1109,Project,13
A00318F,EG1109,Midterm,16
A00323F,CS1010E,PE,5
A00323F,CS1010E,Project,11
A00323F,CS1010E,Midterm,4
A00323F,CS2106,PE,15
A00323F,CS2106,Project,10
A00323F,CS2106,Midterm,13
A00323F,CS2107,PE,8
A00323F,CS2107,Project,13
A00323F,CS2107,Midterm,16
A00323F,EG2007,PE,10
A00323F,EG2007,Project,10
A00323F,EG2007,Midterm,11
A00327C,CS1010E,PE,14
A00327C,CS1010E,Project,10
A00327C,CS1010E,Midterm,13
A00327C,CS1231,PE,6
A00327C,CS1231,Project,15
A00327C,CS1231,Midterm,18
A00327C,CS2106,PE,8
A00327C,CS2106,Project,13
A00327C,CS2106,Midterm,13
A00327C,EG2006,PE,6
A00327C,EG2006,Project,13
A00327C,EG2006,Midterm,17
A00327C,EG2007,PE,9
A00327C,EG2007,Project,11
A00327C,EG2007,Midterm,11
A00336X,CS1020,PE,15
A00336X,CS1020,Project,11
A00336X,CS1020,Midterm,15
A00336X,CS2105,PE,12
A00336X,CS2105,Project,11
A00336X,CS2105,Midterm,6
A00336X,EG2204,PE,10
A00336X,EG2204,Project,11
A00336X,EG2204,Midterm,7
A00336X,MA1105,PE,14
A00336X,MA1105,Project,12
A00336X,MA1105,Midterm,17
A00343C,CS1231,PE,7
A00343C,CS1231,Project,12
A00343C,CS1231,Midterm,15
A00343C,CS2107,PE,7
A00343C,CS2107,Project,15
A00343C,CS2107,Midterm,18
A00343C,EG2007,PE,14
A00343C,EG2007,Project,12
A00343C,EG2007,Midterm,10
A00343C,MA2100,PE,5
A00343C,MA2100,Project,11
A00343C,MA2100,Midterm,10
A00343C,ST1232,PE,7
A00343C,ST1232,Project,14
A00343C,ST1232,Midterm,17
A00345V,CS2105,PE,15
A00345V,CS2105,Project,10
A00345V,CS2105,Midterm,16
A00345V,CS2107,PE,10
A00345V,CS2107,Project,14
A00345V,CS2107,Midterm,18
A00345V,EG1109,PE,10
A00345V,EG1109,Project,12
A00345V,EG1109,Midterm,15
A00345V,EG2204,PE,8
A00345V,EG2204,Project,10
A00345V,EG2204,Midterm,5
A00345V,EG2008,PE,10
A00345V,EG2008,Project,13
A00345V,EG2008,Midterm,8
A00345V,MA1106,PE,10
A00345V,MA1106,Project,14
A00345V,MA1106,Midterm,11
A00351Z,CS1231,PE,5
A00351Z,CS1231,Project,12
A00351Z,CS1231,Midterm,12
A00351Z,EG1108,PE,11
A00351Z,EG1108,Project,15
A00351Z,EG1108,Midterm,18
A00351Z,EG1109,PE,10
A00351Z,EG1109,Project,12
A00351Z,EG1109,Midterm,5
A00351Z,EG2008,PE,11
A00351Z,EG2008,Project,10
A00351Z,EG2008,Midterm,14
A00351Z,MA1105,PE,14
A00351Z,MA1105,Project,12
A00351Z,MA1105,Midterm,18
A00357E,CS1231,PE,8
A00357E,CS1231,Project,10
A00357E,CS1231,Midterm,16
A00357E,CS2105,PE,12
A00357E,CS2105,Project,15
A00357E,CS2105,Midterm,10
A00357E,EG2204,PE,10
A00357E,EG2204,Project,12
A00357E,EG2204,Midterm,11
A00357E,EG2008,PE,7
A00357E,EG2008,Project,14
A00357E,EG2008,Midterm,12
A00357E,MA2100,PE,10
A00357E,MA2100,Project,12
A00357E,MA2100,Midterm,19
A00360Q,CS1231,PE,12
A00360Q,CS1231,Project,14
A00360Q,CS1231,Midterm,15
A00360Q,CS2106,PE,8
A00360Q,CS2106,Project,14
A00360Q,CS2106,Midterm,17
A00360Q,EG2204,PE,7
A00360Q,EG2204,Project,15
A00360Q,EG2204,Midterm,11
A00360Q,EG2006,PE,13
A00360Q,EG2006,Project,13
A00360Q,EG2006,Midterm,20
A00360Q,MA1106,PE,8
A00360Q,MA1106,Project,14
A00360Q,MA1106,Midterm,11
A00367C,CS1010E,PE,14
A00367C,CS1010E,Project,13
A00367C,CS1010E,Midterm,13
A00367C,CS2105,PE,15
A00367C,CS2105,Project,11
A00367C,CS2105,Midterm,9
A00367C,EG1108,PE,7
A00367C,EG1108,Project,12
A00367C,EG1108,Midterm,10
A00367C,EG2006,PE,12
A00367C,EG2006,Project,12
A00367C,EG2006,Midterm,17
A00367C,EG2007,PE,9
A00367C,EG2007,Project,13
A00367C,EG2007,Midterm,11
A00367C,EG2009,PE,13
A00367C,EG2009,Project,11
A00367C,EG2009,Midterm,9
A00369Z,CS1020,PE,12
A00369Z,CS1020,Project,11
A00369Z,CS1020,Midterm,8
A00369Z,CS2106,PE,9
A00369Z,CS2106,Project,15
A00369Z,CS2106,Midterm,14
A00369Z,EG2204,PE,9
A00369Z,EG2204,Project,14
A00369Z,EG2204,Midterm,20
A00369Z,EG2008,PE,6
A00369Z,EG2008,Project,13
A00369Z,EG2008,Midterm,9
A00369Z,MA1106,PE,11
A00369Z,MA1106,Project,15
A00369Z,MA1106,Midterm,18
A00370H,CS2010,PE,6
A00370H,CS2010,Project,14
A00370H,CS2010,Midterm,11
A00370H,CS2106,PE,9
A00370H,CS2106,Project,11
A00370H,CS2106,Midterm,14
A00370H,CS2107,PE,10
A00370H,CS2107,Project,10
A00370H,CS2107,Midterm,5
A00370H,EG2006,PE,6
A00370H,EG2006,Project,14
A00370H,EG2006,Midterm,18
A00370H,EG2008,PE,8
A00370H,EG2008,Project,14
A00370H,EG2008,Midterm,4
A00374U,CS2010,PE,15
A00374U,CS2010,Project,12
A00374U,CS2010,Midterm,8
A00374U,CS1231,PE,7
A00374U,CS1231,Project,13
A00374U,CS1231,Midterm,14
A00374U,CS2107,PE,6
A00374U,CS2107,Project,13
A00374U,CS2107,Midterm,4
A00374U,EG2204,PE,9
A00374U,EG2204,Project,10
A00374U,EG2204,Midterm,9
A00374U,MA1105,PE,9
A00374U,MA1105,Project,14
A00374U,MA1105,Midterm,17
A00374U,MA1106,PE,5
A00374U,MA1106,Project,12
A00374U,MA1106,Midterm,19
A00376R,CS1231,PE,5
A00376R,CS1231,Project,12
A00376R,CS1231,Midterm,18
A00376R,EG1109,PE,14
A00376R,EG1109,Project,12
A00376R,EG1109,Midterm,4
A00376R,EG2006,PE,10
A00376R,EG2006,Project,13
A00376R,EG2006,Midterm,10
A00376R,MA1106,PE,8
A00376R,MA1106,Project,11
A00376R,MA1106,Midterm,20
A00376R,MA2100,PE,12
A00376R,MA2100,Project,10
A00376R,MA2100,Midterm,8
A00376R,ST2131,PE,14
A00376R,ST2131,Project,15
A00376R,ST2131,Midterm,10
A00378C,CS1231,PE,5
A00378C,CS1231,Project,10
A00378C,CS1231,Midterm,9
A00378C,EG1108,PE,14
A00378C,EG1108,Project,14
A00378C,EG1108,Midterm,15
A00378C,EG1109,PE,13
A00378C,EG1109,Project,10
A00378C,EG1109,Midterm,12
A00378C,EG2007,PE,15
A00378C,EG2007,Project,10
A00378C,EG2007,Midterm,15
A00378C,EG2009,PE,12
A00378C,EG2009,Project,11
A00378C,EG2009,Midterm,17
A00378C,MA2100,PE,10
A00378C,MA2100,Project,11
A00378C,MA2100,Midterm,18
A00387P,CS2105,PE,14
A00387P,CS2105,Project,13
A00387P,CS2105,Midterm,14
A00387P,EG1109,PE,15
A00387P,EG1109,Project,10
A00387P,EG1109,Midterm,7
A00387P,EG2009,PE,13
A00387P,EG2009,Project,11
A00387P,EG2009,Midterm,11
A00387P,ST2131,PE,10
A00387P,ST2131,Project,15
A00387P,ST2131,Midterm,14
A00391X,CS1231,PE,8
A00391X,CS1231,Project,13
A00391X,CS1231,Midterm,19
A00391X,EG1108,PE,13
A00391X,EG1108,Project,13
A00391X,EG1108,Midterm,4
A00391X,EG2008,PE,9
A00391X,EG2008,Project,11
A00391X,EG2008,Midterm,9
A00391X,EG2009,PE,8
A00391X,EG2009,Project,15
A00391X,EG2009,Midterm,10
A00400H,CS1020,PE,9
A00400H,CS1020,Project,14
A00400H,CS1020,Midterm,4
A00400H,CS2107,PE,14
A00400H,CS2107,Project,10
A00400H,CS2107,Midterm,7
A00400H,EG1109,PE,6
A00400H,EG1109,Project,11
A00400H,EG1109,Midterm,9
A00400H,EG2006,PE,13
A00400H,EG2006,Project,11
A00400H,EG2006,Midterm,19
A00400H,MA1106,PE,5
A00400H,MA1106,Project,12
A00400H,MA1106,Midterm,19
A00400H,MA2230,PE,12
A00400H,MA2230,Project,14
A00400H,MA2230,Midterm,9
A00406L,CS1231,PE,9
A00406L,CS1231,Project,12
A00406L,CS1231,Midterm,13
A00406L,EG1109,PE,9
A00406L,EG1109,Project,13
A00406L,EG1109,Midterm,15
A00406L,EG2007,PE,11
A00406L,EG2007,Project,10
A00406L,EG2007,Midterm,16
A00406L,EG2009,PE,7
A00406L,EG2009,Project,15
A00406L,EG2009,Midterm,8
A00406L,MA1105,PE,13
A00406L,MA1105,Project,11
A00406L,MA1105,Midterm,5
A00406L,MA2230,PE,13
A00406L,MA2230,Project,15
A00406L,MA2230,Midterm,4
A00409Y,CS1231,PE,8
A00409Y,CS1231,Project,10
A00409Y,CS1231,Midterm,8
A00409Y,EG1109,PE,5
A00409Y,EG1109,Project,14
A00409Y,EG1109,Midterm,16
A00409Y,EG2008,PE,10
A00409Y,EG2008,Project,13
A00409Y,EG2008,Midterm,18
A00409Y,MA1106,PE,6
A00409Y,MA1106,Project,13
A00409Y,MA1106,Midterm,11
A00409Y,ST1231,PE,14
A00409Y,ST1231,Project,14
A00409Y,ST1231,Midterm,17
A00418W,CS2010,PE,14
A00418W,CS2010,Project,10
A00418W,CS2010,Midterm,4
A00418W,CS1231,PE,13
A00418W,CS1231,Project,14
A00418W,CS1231,Midterm,10
A00418W,EG1108,PE,14
A00418W,EG1108,Project,14
A00418W,EG1108,Midterm,19
A00418W,EG2008,PE,13
A00418W,EG2008,Project,10
A00418W,EG2008,Midterm,9
A00418W,MA1105,PE,12
A00418W,MA1105,Project,12
A00418W,MA1105,Midterm,4
A00421A,CS1020,PE,6
A00421A,CS1020,Project,11
A00421A,CS1020,Midterm,14
A00421A,CS2107,PE,8
A00421A,CS2107,Project,11
A00421A,CS2107,Midterm,15
A00421A,EG2007,PE,14
A00421A,EG2007,Project,10
A00421A,EG2007,Midterm,16
A00421A,MA1106,PE,12
A00421A,MA1106,Project,11
A00421A,MA1106,Midterm,8
A00421A,MA2230,PE,15
A00421A,MA2230,Project,13
A00421A,MA2230,Midterm,4
A00421A,ST1232,PE,14
A00421A,ST1232,Project,12
A00421A,ST1232,Midterm,19
A00430H,CS1010E,PE,7
A00430H,CS1010E,Project,11
A00430H,CS1010E,Midterm,5
A00430H,CS1231,PE,13
A00430H,CS1231,Project,14
A00430H,CS1231,Midterm,11
A00430H,CS2107,PE,15
A00430H,CS2107,Project,14
A00430H,CS2107,Midterm,6
A00430H,EG2007,PE,7
A00430H,EG2007,Project,12
A00430H,EG2007,Midterm,6
A00430H,EG2008,PE,12
A00430H,EG2008,Project,11
A00430H,EG2008,Midterm,18
A00430H,MA2100,PE,15
A00430H,MA2100,Project,14
A00430H,MA2100,Midterm,10
A00435H,CS1010E,PE,7
A00435H,CS1010E,Project,13
A00435H,CS1010E,Midterm,4
A00435H,CS1231,PE,8
A00435H,CS1231,Project,14
A00435H,CS1231,Midterm,6
A00435H,CS2107,PE,15
A00435H,CS2107,Project,14
A00435H,CS2107,Midterm,14
A00435H,EG1108,PE,7
A00435H,EG1108,Project,12
A00435H,EG1108,Midterm,7
A00439G,CS2105,PE,13
A00439G,CS2105,Project,14
A00439G,CS2105,Midterm,13
A00439G,EG1109,PE,11
A00439G,EG1109,Project,13
A00439G,EG1109,Midterm,4
A00439G,EG2008,PE,13
A00439G,EG2008,Project,15
A00439G,EG2008,Midterm,12
A00439G,EG2009,PE,13
A00439G,EG2009,Project,11
A00439G,EG2009,Midterm,9
A00444L,CS2105,PE,10
A00444L,CS2105,Project,12
A00444L,CS2105,Midterm,13
A00444L,CS2106,PE,6
A00444L,CS2106,Project,10
A00444L,CS2106,Midterm,12
A00444L,EG2204,PE,11
A00444L,EG2204,Project,12
A00444L,EG2204,Midterm,15
A00444L,MA1105,PE,15
A00444L,MA1105,Project,12
A00444L,MA1105,Midterm,10
A00453X,CS1010E,PE,6
A00453X,CS1010E,Project,13
A00453X,CS1010E,Midterm,11
A00453X,CS2010,PE,12
A00453X,CS2010,Project,11
A00453X,CS2010,Midterm,4
A00453X,EG1108,PE,15
A00453X,EG1108,Project,13
A00453X,EG1108,Midterm,7
A00453X,EG2008,PE,13
A00453X,EG2008,Project,15
A00453X,EG2008,Midterm,17
A00459Z,CS1231,PE,10
A00459Z,CS1231,Project,12
A00459Z,CS1231,Midterm,16
A00459Z,EG1108,PE,13
A00459Z,EG1108,Project,12
A00459Z,EG1108,Midterm,14
A00459Z,EG2008,PE,15
A00459Z,EG2008,Project,13
A00459Z,EG2008,Midterm,18
A00459Z,MA1105,PE,11
A00459Z,MA1105,Project,13
A00459Z,MA1105,Midterm,9
A00459Z,MA2230,PE,13
A00459Z,MA2230,Project,12
A00459Z,MA2230,Midterm,13
A00459Z,CM1102,PE,14
A00459Z,CM1102,Project,14
A00459Z,CM1102,Midterm,7
A00461R,CS2010,PE,7
A00461R,CS2010,Project,11
A00461R,CS2010,Midterm,12
A00461R,EG1108,PE,13
A00461R,EG1108,Project,11
A00461R,EG1108,Midterm,12
A00461R,EG2008,PE,9
A00461R,EG2008,Project,15
A00461R,EG2008,Midterm,6
A00461R,MA2100,PE,9
A00461R,MA2100,Project,14
A00461R,MA2100,Midterm,8
A00461R,ST1232,PE,13
A00461R,ST1232,Project,11
A00461R,ST1232,Midterm,13
A00467J,CS1231,PE,11
A00467J,CS1231,Project,15
A00467J,CS1231,Midterm,9
A00467J,CS2106,PE,11
A00467J,CS2106,Project,13
A00467J,CS2106,Midterm,8
A00467J,EG1109,PE,14
A00467J,EG1109,Project,14
A00467J,EG1109,Midterm,16
A00467J,EG2008,PE,12
A00467J,EG2008,Project,12
A00467J,EG2008,Midterm,9
A00467J,MA1105,PE,5
A00467J,MA1105,Project,12
A00467J,MA1105,Midterm,10
A00467J,MA2230,PE,10
A00467J,MA2230,Project,15
A00467J,MA2230,Midterm,19
A00473U,CS1231,PE,5
A00473U,CS1231,Project,12
A00473U,CS1231,Midterm,19
A00473U,CS2107,PE,5
A00473U,CS2107,Project,11
A00473U,CS2107,Midterm,20
A00473U,EG2007,PE,10
A00473U,EG2007,Project,14
A00473U,EG2007,Midterm,9
A00473U,MA1105,PE,9
A00473U,MA1105,Project,12
A00473U,MA1105,Midterm,15
A00473U,MA2100,PE,6
A00473U,MA2100,Project,10
A00473U,MA2100,Midterm,12
A00481Q,CS1010E,PE,7
A00481Q,CS1010E,Project,13
A00481Q,CS1010E,Midterm,5
A00481Q,CS1020,PE,15
A00481Q,CS1020,Project,10
A00481Q,CS1020,Midterm,14
A00481Q,CS2106,PE,8
A00481Q,CS2106,Project,15
A00481Q,CS2106,Midterm,6
A00481Q,EG1109,PE,7
A00481Q,EG1109,Project,15
A00481Q,EG1109,Midterm,14
A00481Q,EG2009,PE,6
A00481Q,EG2009,Project,13
A00481Q,EG2009,Midterm,10
A00481Q,MA2100,PE,5
A00481Q,MA2100,Project,15
A00481Q,MA2100,Midterm,14
A00488F,CS2010,PE,12
A00488F,CS2010,Project,12
A00488F,CS2010,Midterm,14
A00488F,CS2105,PE,14
A00488F,CS2105,Project,15
A00488F,CS2105,Midterm,5
A00488F,CS2106,PE,8
A00488F,CS2106,Project,15
A00488F,CS2106,Midterm,19
A00488F,EG2204,PE,5
A00488F,EG2204,Project,11
A00488F,EG2204,Midterm,10
A00488F,EG2008,PE,15
A00488F,EG2008,Project,11
A00488F,EG2008,Midterm,14
A00490X,CS2105,PE,8
A00490X,CS2105,Project,11
A00490X,CS2105,Midterm,17
A00490X,EG2204,PE,15
A00490X,EG2204,Project,10
A00490X,EG2204,Midterm,10
A00490X,EG2006,PE,5
A00490X,EG2006,Project,14
A00490X,EG2006,Midterm,4
A00490X,MA1105,PE,11
A00490X,MA1105,Project,12
A00490X,MA1105,Midterm,4
A00497J,CS1010E,PE,14
A00497J,CS1010E,Project,12
A00497J,CS1010E,Midterm,9
A00497J,CS2105,PE,8
A00497J,CS2105,Project,12
A00497J,CS2105,Midterm,19
A00497J,EG1109,PE,14
A00497J,EG1109,Project,15
A00497J,EG1109,Midterm,4
A00497J,EG2204,PE,5
A00497J,EG2204,Project,10
A00497J,EG2204,Midterm,7
A00499N,CS2010,PE,10
A00499N,CS2010,Project,11
A00499N,CS2010,Midterm,16
A00499N,EG1108,PE,10
A00499N,EG1108,Project,12
A00499N,EG1108,Midterm,8
A00499N,EG1109,PE,9
A00499N,EG1109,Project,14
A00499N,EG1109,Midterm,9
A00499N,EG2204,PE,13
A00499N,EG2204,Project,14
A00499N,EG2204,Midterm,16
A00499N,EG2009,PE,8
A00499N,EG2009,Project,11
A00499N,EG2009,Midterm,14
A00499N,ST2131,PE,13
A00499N,ST2131,Project,12
A00499N,ST2131,Midterm,13
A00504Z,CS2105,PE,8
A00504Z,CS2105,Project,12
A00504Z,CS2105,Midterm,17
A00504Z,CS2106,PE,8
A00504Z,CS2106,Project,14
A00504Z,CS2106,Midterm,10
A00504Z,EG1108,PE,14
A00504Z,EG1108,Project,14
A00504Z,EG1108,Midterm,20
A00504Z,EG2007,PE,7
A00504Z,EG2007,Project,11
A00504Z,EG2007,Midterm,4
A00504Z,EG2008,PE,8
A00504Z,EG2008,Project,15
A00504Z,EG2008,Midterm,11
A00504Z,MA2230,PE,7
A00504Z,MA2230,Project,14
A00504Z,MA2230,Midterm,13
A00505L,CS1010E,PE,15
A00505L,CS1010E,Project,15
A00505L,CS1010E,Midterm,19
A00505L,CS2010,PE,6
A00505L,CS2010,Project,13
A00505L,CS2010,Midterm,5
A00505L,CS1231,PE,6
A00505L,CS1231,Project,15
A00505L,CS1231,Midterm,9
A00505L,CS2105,PE,12
A00505L,CS2105,Project,14
A00505L,CS2105,Midterm,5
A00505L,EG1108,PE,10
A00505L,EG1108,Project,11
A00505L,EG1108,Midterm,4
A00514K,CS1020,PE,13
A00514K,CS1020,Project,14
A00514K,CS1020,Midterm,11
A00514K,CS2106,PE,12
A00514K,CS2106,Project,15
A00514K,CS2106,Midterm,20
A00514K,EG1108,PE,5
A00514K,EG1108,Project,14
A00514K,EG1108,Midterm,5
A00514K,EG2007,PE,13
A00514K,EG2007,Project,14
A00514K,EG2007,Midterm,12
A00516S,CS1020,PE,8
A00516S,CS1020,Project,15
A00516S,CS1020,Midterm,16
A00516S,CS2107,PE,9
A00516S,CS2107,Project,15
A00516S,CS2107,Midterm,17
A00516S,EG2006,PE,15
A00516S,EG2006,Project,15
A00516S,EG2006,Midterm,13
A00516S,EG2007,PE,7
A00516S,EG2007,Project,10
A00516S,EG2007,Midterm,19
A00523R,CS2010,PE,11
A00523R,CS2010,Project,14
A00523R,CS2010,Midterm,11
A00523R,CS2107,PE,12
A00523R,CS2107,Project,15
A00523R,CS2107,Midterm,19
A00523R,EG1108,PE,11
A00523R,EG1108,Project,11
A00523R,EG1108,Midterm,11
A00523R,EG1109,PE,6
A00523R,EG1109,Project,15
A00523R,EG1109,Midterm,10
A00530W,CS2010,PE,11
A00530W,CS2010,Project,12
A00530W,CS2010,Midterm,5
A00530W,CS2105,PE,14
A00530W,CS2105,Project,10
A00530W,CS2105,Midterm,11
A00530W,EG2204,PE,5
A00530W,EG2204,Project,14
A00530W,EG2204,Midterm,6
A00530W,EG2006,PE,9
A00530W,EG2006,Project,15
A00530W,EG2006,Midterm,10
A00530W,EG2008,PE,13
A00530W,EG2008,Project,11
A00530W,EG2008,Midterm,10
A00540N,CS1020,PE,11
A00540N,CS1020,Project,15
A00540N,CS1020,Midterm,7
A00540N,CS2107,PE,9
A00540N,CS2107,Project,14
A00540N,CS2107,Midterm,8
A00540N,EG2204,PE,7
A00540N,EG2204,Project,11
A00540N,EG2204,Midterm,16
A00540N,MA1105,PE,11
A00540N,MA1105,Project,12
A00540N,MA1105,Midterm,13
A00543C,CS2010,PE,5
A00543C,CS2010,Project,11
A00543C,CS2010,Midterm,16
A00543C,CS2107,PE,11
A00543C,CS2107,Project,10
A00543C,CS2107,Midterm,15
A00543C,EG2007,PE,6
A00543C,EG2007,Project,10
A00543C,EG2007,Midterm,17
A00543C,EG2008,PE,15
A00543C,EG2008,Project,15
A00543C,EG2008,Midterm,16
A00547W,CS2105,PE,12
A00547W,CS2105,Project,15
A00547W,CS2105,Midterm,19
A00547W,CS2106,PE,15
A00547W,CS2106,Project,14
A00547W,CS2106,Midterm,10
A00547W,EG2204,PE,14
A00547W,EG2204,Project,15
A00547W,EG2204,Midterm,6
A00547W,EG2008,PE,15
A00547W,EG2008,Project,14
A00547W,EG2008,Midterm,16
A00547W,MA1105,PE,9
A00547W,MA1105,Project,13
A00547W,MA1105,Midterm,4
A00547W,MA2230,PE,11
A00547W,MA2230,Project,14
A00547W,MA2230,Midterm,15
A00554O,CS1010E,PE,11
A00554O,CS1010E,Project,12
A00554O,CS1010E,Midterm,18
A00554O,CS1231,PE,11
A00554O,CS1231,Project,14
A00554O,CS1231,Midterm,15
A00554O,CS2105,PE,5
A00554O,CS2105,Project,12
A00554O,CS2105,Midterm,8
A00554O,EG1108,PE,10
A00554O,EG1108,Project,13
A00554O,EG1108,Midterm,7
A00554O,EG2204,PE,6
A00554O,EG2204,Project,10
A00554O,EG2204,Midterm,14
A00554O,EG2008,PE,13
A00554O,EG2008,Project,14
A00554O,EG2008,Midterm,15
A00555U,CS1231,PE,6
A00555U,CS1231,Project,12
A00555U,CS1231,Midterm,15
A00555U,CS2107,PE,10
A00555U,CS2107,Project,13
A00555U,CS2107,Midterm,10
A00555U,EG2006,PE,9
A00555U,EG2006,Project,15
A00555U,EG2006,Midterm,4
A00555U,MA1105,PE,7
A00555U,MA1105,Project,11
A00555U,MA1105,Midterm,16
A00555U,MA1106,PE,5
A00555U,MA1106,Project,12
A00555U,MA1106,Midterm,7
A00555U,ST2131,PE,12
A00555U,ST2131,Project,14
A00555U,ST2131,Midterm,8
A00556U,CS2105,PE,11
A00556U,CS2105,Project,11
A00556U,CS2105,Midterm,11
A00556U,EG1108,PE,7
A00556U,EG1108,Project,15
A00556U,EG1108,Midterm,16
A00556U,EG2008,PE,15
A00556U,EG2008,Project,12
A00556U,EG2008,Midterm,4
A00556U,MA1105,PE,15
A00556U,MA1105,Project,15
A00556U,MA1105,Midterm,19
A00556U,ST1231,PE,7
A00556U,ST1231,Project,11
A00556U,ST1231,Midterm,17
A00565G,CS1020,PE,13
A00565G,CS1020,Project,14
A00565G,CS1020,Midterm,16
A00565G,CS2105,PE,14
A00565G,CS2105,Project,13
A00565G,CS2105,Midterm,14
A00565G,EG1108,PE,11
A00565G,EG1108,Project,12
A00565G,EG1108,Midterm,16
A00565G,EG2007,PE,6
A00565G,EG2007,Project,11
A00565G,EG2007,Midterm,10
A00565G,MA2100,PE,10
A00565G,MA2100,Project,12
A00565G,MA2100,Midterm,5
A00565G,MA2230,PE,12
A00565G,MA2230,Project,12
A00565G,MA2230,Midterm,4
A00573L,CS2105,PE,9
A00573L,CS2105,Project,13
A00573L,CS2105,Midterm,19
A00573L,CS2106,PE,9
A00573L,CS2106,Project,12
A00573L,CS2106,Midterm,8
A00573L,CS2107,PE,11
A00573L,CS2107,Project,11
A00573L,CS2107,Midterm,10
A00573L,EG2007,PE,7
A00573L,EG2007,Project,13
A00573L,EG2007,Midterm,4
A00573L,MA2100,PE,15
A00573L,MA2100,Project,10
A00573L,MA2100,Midterm,9
A00582N,CS2010,PE,10
A00582N,CS2010,Project,10
A00582N,CS2010,Midterm,12
A00582N,CS1231,PE,9
A00582N,CS1231,Project,13
A00582N,CS1231,Midterm,4
A00582N,CS2105,PE,9
A00582N,CS2105,Project,10
A00582N,CS2105,Midterm,7
A00582N,EG1108,PE,7
A00582N,EG1108,Project,13
A00582N,EG1108,Midterm,16
A00582N,EG2007,PE,7
A00582N,EG2007,Project,12
A00582N,EG2007,Midterm,15
A00582N,EG2008,PE,14
A00582N,EG2008,Project,13
A00582N,EG2008,Midterm,9
A00584X,CS2105,PE,11
A00584X,CS2105,Project,12
A00584X,CS2105,Midterm,20
A00584X,CS2107,PE,10
A00584X,CS2107,Project,11
A00584X,CS2107,Midterm,18
A00584X,EG1108,PE,8
A00584X,EG1108,Project,11
A00584X,EG1108,Midterm,19
A00584X,EG2006,PE,13
A00584X,EG2006,Project,15
A00584X,EG2006,Midterm,13
A00587E,CS2105,PE,11
A00587E,CS2105,Project,15
A00587E,CS2105,Midterm,11
A00587E,EG1108,PE,11
A00587E,EG1108,Project,14
A00587E,EG1108,Midterm,6
A00587E,EG2204,PE,15
A00587E,EG2204,Project,11
A00587E,EG2204,Midterm,6
A00587E,EG2009,PE,5
A00587E,EG2009,Project,11
A00587E,EG2009,Midterm,15
A00587E,MA1105,PE,9
A00587E,MA1105,Project,13
A00587E,MA1105,Midterm,17
A00587E,MA1106,PE,8
A00587E,MA1106,Project,10
A00587E,MA1106,Midterm,10
A00590N,CS1231,PE,15
A00590N,CS1231,Project,15
A00590N,CS1231,Midterm,5
A00590N,EG1109,PE,6
A00590N,EG1109,Project,14
A00590N,EG1109,Midterm,14
A00590N,EG2009,PE,9
A00590N,EG2009,Project,12
A00590N,EG2009,Midterm,10
A00590N,MA2230,PE,8
A00590N,MA2230,Project,12
A00590N,MA2230,Midterm,13
A00590N,CM1101,PE,12
A00590N,CM1101,Project,11
A00590N,CM1101,Midterm,11
A00600Z,CS1010E,PE,8
A00600Z,CS1010E,Project,15
A00600Z,CS1010E,Midterm,4
A00600Z,CS2105,PE,14
A00600Z,CS2105,Project,12
A00600Z,CS2105,Midterm,8
A00600Z,CS2106,PE,9
A00600Z,CS2106,Project,12
A00600Z,CS2106,Midterm,9
A00600Z,EG1108,PE,9
A00600Z,EG1108,Project,14
A00600Z,EG1108,Midterm,12
A00600Z,EG2007,PE,7
A00600Z,EG2007,Project,15
A00600Z,EG2007,Midterm,20
A00600Z,MA2100,PE,11
A00600Z,MA2100,Project,15
A00600Z,MA2100,Midterm,6
A00610J,CS1231,PE,10
A00610J,CS1231,Project,12
A00610J,CS1231,Midterm,9
A00610J,EG1109,PE,7
A00610J,EG1109,Project,13
A00610J,EG1109,Midterm,5
A00610J,EG2007,PE,15
A00610J,EG2007,Project,15
A00610J,EG2007,Midterm,5
A00610J,EG2009,PE,13
A00610J,EG2009,Project,10
A00610J,EG2009,Midterm,10
A00610J,MA2100,PE,6
A00610J,MA2100,Project,12
A00610J,MA2100,Midterm,5
A00619O,CS2105,PE,13
A00619O,CS2105,Project,15
A00619O,CS2105,Midterm,14
A00619O,EG1108,PE,13
A00619O,EG1108,Project,13
A00619O,EG1108,Midterm,12
A00619O,EG2008,PE,14
A00619O,EG2008,Project,11
A00619O,EG2008,Midterm,17
A00619O,EG2009,PE,14
A00619O,EG2009,Project,13
A00619O,EG2009,Midterm,17
A00619O,MA1106,PE,12
A00619O,MA1106,Project,12
A00619O,MA1106,Midterm,18
A00628H,CS2105,PE,15
A00628H,CS2105,Project,10
A00628H,CS2105,Midterm,7
A00628H,EG1108,PE,11
A00628H,EG1108,Project,10
A00628H,EG1108,Midterm,19
A00628H,EG1109,PE,5
A00628H,EG1109,Project,14
A00628H,EG1109,Midterm,14
A00628H,EG2009,PE,13
A00628H,EG2009,Project,14
A00628H,EG2009,Midterm,19
A00632Q,CS2010,PE,12
A00632Q,CS2010,Project,12
A00632Q,CS2010,Midterm,17
A00632Q,CS2107,PE,8
A00632Q,CS2107,Project,11
A00632Q,CS2107,Midterm,15
A00632Q,EG2204,PE,11
A00632Q,EG2204,Project,15
A00632Q,EG2204,Midterm,19
A00632Q,EG2009,PE,9
A00632Q,EG2009,Project,10
A00632Q,EG2009,Midterm,10
A00639H,CS2105,PE,13
A00639H,CS2105,Project,14
A00639H,CS2105,Midterm,7
A00639H,EG1108,PE,7
A00639H,EG1108,Project,15
A00639H,EG1108,Midterm,9
A00639H,EG2008,PE,8
A00639H,EG2008,Project,14
A00639H,EG2008,Midterm,18
A00639H,MA2100,PE,12
A00639H,MA2100,Project,11
A00639H,MA2100,Midterm,6
A00639H,MA2230,PE,9
A00639H,MA2230,Project,14
A00639H,MA2230,Midterm,10
A00639H,ST1231,PE,6
A00639H,ST1231,Project,12
A00639H,ST1231,Midterm,20
A00642Y,CS1010E,PE,13
A00642Y,CS1010E,Project,10
A00642Y,CS1010E,Midterm,11
A00642Y,CS2105,PE,10
A00642Y,CS2105,Project,13
A00642Y,CS2105,Midterm,4
A00642Y,EG1109,PE,14
A00642Y,EG1109,Project,15
A00642Y,EG1109,Midterm,14
A00642Y,EG2204,PE,8
A00642Y,EG2204,Project,14
A00642Y,EG2204,Midterm,8
A00651O,CS2105,PE,10
A00651O,CS2105,Project,12
A00651O,CS2105,Midterm,18
A00651O,EG2204,PE,9
A00651O,EG2204,Project,10
A00651O,EG2204,Midterm,6
A00651O,EG2007,PE,5
A00651O,EG2007,Project,11
A00651O,EG2007,Midterm,12
A00651O,EG2008,PE,13
A00651O,EG2008,Project,12
A00651O,EG2008,Midterm,10
A00651O,MA2100,PE,10
A00651O,MA2100,Project,13
A00651O,MA2100,Midterm,13
A00651O,ST1231,PE,5
A00651O,ST1231,Project,11
A00651O,ST1231,Midterm,19
A00652Z,CS2010,PE,10
A00652Z,CS2010,Project,13
A00652Z,CS2010,Midterm,11
A00652Z,CS2106,PE,5
A00652Z,CS2106,Project,13
A00652Z,CS2106,Midterm,20
A00652Z,EG1108,PE,13
A00652Z,EG1108,Project,11
A00652Z,EG1108,Midterm,19
A00652Z,EG2007,PE,11
A00652Z,EG2007,Project,13
A00652Z,EG2007,Midterm,6
A00652Z,EG2009,PE,5
A00652Z,EG2009,Project,12
A00652Z,EG2009,Midterm,12
A00652Z,MA1105,PE,5
A00652Z,MA1105,Project,14
A00652Z,MA1105,Midterm,12
A00661C,CS1020,PE,9
A00661C,CS1020,Project,12
A00661C,CS1020,Midterm,9
A00661C,CS1231,PE,6
A00661C,CS1231,Project,12
A00661C,CS1231,Midterm,17
A00661C,EG1108,PE,14
A00661C,EG1108,Project,15
A00661C,EG1108,Midterm,15
A00661C,EG2008,PE,15
A00661C,EG2008,Project,13
A00661C,EG2008,Midterm,10
A00661C,MA1106,PE,7
A00661C,MA1106,Project,14
A00661C,MA1106,Midterm,13
A00661C,ST1231,PE,5
A00661C,ST1231,Project,15
A00661C,ST1231,Midterm,12
A00664S,CS1231,PE,7
A00664S,CS1231,Project,12
A00664S,CS1231,Midterm,18
A00664S,CS2106,PE,6
A00664S,CS2106,Project,12
A00664S,CS2106,Midterm,9
A00664S,EG2204,PE,7
A00664S,EG2204,Project,10
A00664S,EG2204,Midterm,8
A00664S,EG2007,PE,5
A00664S,EG2007,Project,10
A00664S,EG2007,Midterm,16
A00664S,MA2100,PE,9
A00664S,MA2100,Project,14
A00664S,MA2100,Midterm,4
A00664S,ST1231,PE,11
A00664S,ST1231,Project,13
A00664S,ST1231,Midterm,19
A00665U,CS1010E,PE,5
A00665U,CS1010E,Project,10
A00665U,CS1010E,Midterm,7
A00665U,CS2106,PE,11
A00665U,CS2106,Project,11
A00665U,CS2106,Midterm,16
A00665U,CS2107,PE,12
A00665U,CS2107,Project,15
A00665U,CS2107,Midterm,6
A00665U,EG2007,PE,6
A00665U,EG2007,Project,11
A00665U,EG2007,Midterm,18
A00669S,CS2105,PE,9
A00669S,CS2105,Project,15
A00669S,CS2105,Midterm,5
A00669S,EG2204,PE,13
A00669S,EG2204,Project,11
A00669S,EG2204,Midterm,19
A00669S,EG2008,PE,12
A00669S,EG2008,Project,15
A00669S,EG2008,Midterm,5
A00669S,MA2100,PE,5
A00669S,MA2100,Project,12
A00669S,MA2100,Midterm,20
A00671B,CS1231,PE,14
A00671B,CS1231,Project,10
A00671B,CS1231,Midterm,12
A00671B,CS2105,PE,8
A00671B,CS2105,Project,14
A00671B,CS2105,Midterm,15
A00671B,CS2107,PE,8
A00671B,CS2107,Project,11
A00671B,CS2107,Midterm,14
A00671B,EG1109,PE,12
A00671B,EG1109,Project,10
A00671B,EG1109,Midterm,15
A00681H,CS2105,PE,10
A00681H,CS2105,Project,12
A00681H,CS2105,Midterm,19
A00681H,EG1108,PE,13
A00681H,EG1108,Project,11
A00681H,EG1108,Midterm,20
A00681H,EG2008,PE,11
A00681H,EG2008,Project,11
A00681H,EG2008,Midterm,17
A00681H,MA1105,PE,7
A00681H,MA1105,Project,13
A00681H,MA1105,Midterm,9
A00681H,MA2100,PE,6
A00681H,MA2100,Project,12
A00681H,MA2100,Midterm,6
A00681H,CM1101,PE,8
A00681H,CM1101,Project,13
A00681H,CM1101,Midterm,17
A00688X,CS1010E,PE,7
A00688X,CS1010E,Project,14
A00688X,CS1010E,Midterm,12
A00688X,CS1231,PE,10
A00688X,CS1231,Project,13
A00688X,CS1231,Midterm,4
A00688X,EG1108,PE,7
A00688X,EG1108,Project,12
A00688X,EG1108,Midterm,11
A00688X,EG2006,PE,6
A00688X,EG2006,Project,10
A00688X,EG2006,Midterm,20
A00688X,MA1105,PE,10
A00688X,MA1105,Project,12
A00688X,MA1105,Midterm,7
A00688X,ST1231,PE,9
A00688X,ST1231,Project,13
A00688X,ST1231,Midterm,10
A00691H,CS1020,PE,10
A00691H,CS1020,Project,12
A00691H,CS1020,Midterm,17
A00691H,CS2105,PE,15
A00691H,CS2105,Project,10
A00691H,CS2105,Midterm,17
A00691H,EG2204,PE,15
A00691H,EG2204,Project,13
A00691H,EG2204,Midterm,10
A00691H,EG2006,PE,8
A00691H,EG2006,Project,12
A00691H,EG2006,Midterm,5
A00691H,EG2008,PE,6
A00691H,EG2008,Project,11
A00691H,EG2008,Midterm,10
A00700Y,CS1020,PE,11
A00700Y,CS1020,Project,11
A00700Y,CS1020,Midterm,13
A00700Y,CS1231,PE,15
A00700Y,CS1231,Project,12
A00700Y,CS1231,Midterm,12
A00700Y,EG1108,PE,6
A00700Y,EG1108,Project,14
A00700Y,EG1108,Midterm,10
A00700Y,EG1109,PE,15
A00700Y,EG1109,Project,15
A00700Y,EG1109,Midterm,18
A00702J,CS1231,PE,11
A00702J,CS1231,Project,10
A00702J,CS1231,Midterm,7
A00702J,CS2107,PE,6
A00702J,CS2107,Project,15
A00702J,CS2107,Midterm,15
A00702J,EG2204,PE,6
A00702J,EG2204,Project,14
A00702J,EG2204,Midterm,5
A00702J,MA1105,PE,9
A00702J,MA1105,Project,10
A00702J,MA1105,Midterm,19
A00702J,MA2100,PE,11
A00702J,MA2100,Project,15
A00702J,MA2100,Midterm,7
A00702J,ST1231,PE,10
A00702J,ST1231,Project,11
A00702J,ST1231,Midterm,16
A00705Y,CS1010E,PE,5
A00705Y,CS1010E,Project,15
A00705Y,CS1010E,Midterm,16
A00705Y,CS1231,PE,15
A00705Y,CS1231,Project,14
A00705Y,CS1231,Midterm,20
A00705Y,CS2105,PE,7
A00705Y,CS2105,Project,14
A00705Y,CS2105,Midterm,12
A00705Y,EG1109,PE,15
A00705Y,EG1109,Project,15
A00705Y,EG1109,Midterm,9
A00705Y,EG2006,PE,14
A00705Y,EG2006,Project,12
A00705Y,EG2006,Midterm,14
A00714H,CS1010E,PE,11
A00714H,CS1010E,Project,13
A00714H,CS1010E,Midterm,10
A00714H,CS1020,PE,7
A00714H,CS1020,Project,15
A00714H,CS1020,Midterm,15
A00714H,CS2106,PE,13
A00714H,CS2106,Project,12
A00714H,CS2106,Midterm,17
A00714H,EG2204,PE,14
A00714H,EG2204,Project,15
A00714H,EG2204,Midterm,10
A00714H,EG2009,PE,10
A00714H,EG2009,Project,10
A00714H,EG2009,Midterm,15
A00714H,MA1105,PE,12
A00714H,MA1105,Project,14
A00714H,MA1105,Midterm,15
A00718L,CS1020,PE,5
A00718L,CS1020,Project,15
A00718L,CS1020,Midterm,18
A00718L,CS2010,PE,15
A00718L,CS2010,Project,15
A00718L,CS2010,Midterm,16
A00718L,EG1108,PE,5
A00718L,EG1108,Project,12
A00718L,EG1108,Midterm,18
A00718L,EG2007,PE,11
A00718L,EG2007,Project,11
A00718L,EG2007,Midterm,15
A00718L,MA2100,PE,12
A00718L,MA2100,Project,13
A00718L,MA2100,Midterm,8
A00718L,CM1101,PE,15
A00718L,CM1101,Project,13
A00718L,CM1101,Midterm,4
A00723H,CS2010,PE,14
A00723H,CS2010,Project,15
A00723H,CS2010,Midterm,20
A00723H,CS2105,PE,9
A00723H,CS2105,Project,10
A00723H,CS2105,Midterm,11
A00723H,EG2204,PE,13
A00723H,EG2204,Project,12
A00723H,EG2204,Midterm,19
A00723H,MA1105,PE,6
A00723H,MA1105,Project,15
A00723H,MA1105,Midterm,19
A00727Z,CS2105,PE,15
A00727Z,CS2105,Project,12
A00727Z,CS2105,Midterm,13
A00727Z,EG1108,PE,10
A00727Z,EG1108,Project,15
A00727Z,EG1108,Midterm,4
A00727Z,EG1109,PE,11
A00727Z,EG1109,Project,12
A00727Z,EG1109,Midterm,9
A00727Z,EG2008,PE,15
A00727Z,EG2008,Project,12
A00727Z,EG2008,Midterm,4
A00727Z,EG2009,PE,14
A00727Z,EG2009,Project,14
A00727Z,EG2009,Midterm,11
A00732A,CS1231,PE,12
A00732A,CS1231,Project,15
A00732A,CS1231,Midterm,15
A00732A,EG1109,PE,10
A00732A,EG1109,Project,15
A00732A,EG1109,Midterm,9
A00732A,EG2007,PE,15
A00732A,EG2007,Project,14
A00732A,EG2007,Midterm,7
A00732A,EG2009,PE,5
A00732A,EG2009,Project,10
A00732A,EG2009,Midterm,17
A00732A,MA2230,PE,11
A00732A,MA2230,Project,10
A00732A,MA2230,Midterm,17
A00732A,CM1101,PE,13
A00732A,CM1101,Project,15
A00732A,CM1101,Midterm,16
A00734F,CS1010E,PE,11
A00734F,CS1010E,Project,11
A00734F,CS1010E,Midterm,11
A00734F,CS2010,PE,11
A00734F,CS2010,Project,10
A00734F,CS2010,Midterm,4
A00734F,CS2106,PE,6
A00734F,CS2106,Project,12
A00734F,CS2106,Midterm,15
A00734F,EG1109,PE,10
A00734F,EG1109,Project,11
A00734F,EG1109,Midterm,6
A00737K,CS2010,PE,13
A00737K,CS2010,Project,10
A00737K,CS2010,Midterm,7
A00737K,CS1231,PE,13
A00737K,CS1231,Project,15
A00737K,CS1231,Midterm,15
A00737K,CS2107,PE,5
A00737K,CS2107,Project,12
A00737K,CS2107,Midterm,15
A00737K,EG2007,PE,13
A00737K,EG2007,Project,10
A00737K,EG2007,Midterm,10
A00747H,CS2105,PE,8
A00747H,CS2105,Project,11
A00747H,CS2105,Midterm,11
A00747H,EG2204,PE,9
A00747H,EG2204,Project,13
A00747H,EG2204,Midterm,15
A00747H,EG2006,PE,8
A00747H,EG2006,Project,12
A00747H,EG2006,Midterm,8
A00747H,EG2007,PE,12
A00747H,EG2007,Project,11
A00747H,EG2007,Midterm,16
A00747H,EG2008,PE,5
A00747H,EG2008,Project,15
A00747H,EG2008,Midterm,13
A00747H,MA1106,PE,13
A00747H,MA1106,Project,10
A00747H,MA1106,Midterm,12
A00754X,CS1020,PE,15
A00754X,CS1020,Project,15
A00754X,CS1020,Midterm,12
A00754X,CS2010,PE,13
A00754X,CS2010,Project,12
A00754X,CS2010,Midterm,18
A00754X,CS2106,PE,6
A00754X,CS2106,Project,14
A00754X,CS2106,Midterm,15
A00754X,EG2204,PE,15
A00754X,EG2204,Project,14
A00754X,EG2204,Midterm,9
A00763K,CS1010E,PE,10
A00763K,CS1010E,Project,13
A00763K,CS1010E,Midterm,12
A00763K,CS2010,PE,11
A00763K,CS2010,Project,14
A00763K,CS2010,Midterm,14
A00763K,CS2105,PE,6
A00763K,CS2105,Project,14
A00763K,CS2105,Midterm,9
A00763K,EG2204,PE,9
A00763K,EG2204,Project,15
A00763K,EG2204,Midterm,5
A00770B,CS1020,PE,13
A00770B,CS1020,Project,13
A00770B,CS1020,Midterm,5
A00770B,CS2010,PE,11
A00770B,CS2010,Project,11
A00770B,CS2010,Midterm,6
A00770B,CS1231,PE,5
A00770B,CS1231,Project,15
A00770B,CS1231,Midterm,11
A00770B,CS2105,PE,10
A00770B,CS2105,Project,13
A00770B,CS2105,Midterm,12
A00773J,CS2105,PE,9
A00773J,CS2105,Project,10
A00773J,CS2105,Midterm,13
A00773J,EG2204,PE,13
A00773J,EG2204,Project,13
A00773J,EG2204,Midterm,9
A00773J,EG2006,PE,14
A00773J,EG2006,Project,14
A00773J,EG2006,Midterm,11
A00773J,MA1105,PE,11
A00773J,MA1105,Project,10
A00773J,MA1105,Midterm,7
A00773J,ST2131,PE,7
A00773J,ST2131,Project,11
A00773J,ST2131,Midterm,13
A00781L,CS1010E,PE,7
A00781L,CS1010E,Project,14
A00781L,CS1010E,Midterm,13
A00781L,CS2010,PE,5
A00781L,CS2010,Project,10
A00781L,CS2010,Midterm,13
A00781L,CS2105,PE,15
A00781L,CS2105,Project,14
A00781L,CS2105,Midterm,6
A00781L,CS2107,PE,7
A00781L,CS2107,Project,14
A00781L,CS2107,Midterm,16
A00788X,CS2010,PE,9
A00788X,CS2010,Project,15
A00788X,CS2010,Midterm,18
A00788X,CS1231,PE,7
A00788X,CS1231,Project,14
A00788X,CS1231,Midterm,5
A00788X,CS2105,PE,8
A00788X,CS2105,Project,11
A00788X,CS2105,Midterm,5
A00788X,EG2204,PE,6
A00788X,EG2204,Project,11
A00788X,EG2204,Midterm,13
A00788X,EG2008,PE,5
A00788X,EG2008,Project,11
A00788X,EG2008,Midterm,18
A00788X,EG2009,PE,6
A00788X,EG2009,Project,15
A00788X,EG2009,Midterm,11
A00793V,CS2010,PE,9
A00793V,CS2010,Project,15
A00793V,CS2010,Midterm,8
A00793V,CS2105,PE,7
A00793V,CS2105,Project,13
A00793V,CS2105,Midterm,15
A00793V,CS2107,PE,12
A00793V,CS2107,Project,11
A00793V,CS2107,Midterm,13
A00793V,EG2007,PE,6
A00793V,EG2007,Project,10
A00793V,EG2007,Midterm,20
A00794X,CS1231,PE,6
A00794X,CS1231,Project,14
A00794X,CS1231,Midterm,15
A00794X,EG1109,PE,7
A00794X,EG1109,Project,14
A00794X,EG1109,Midterm,15
A00794X,EG2204,PE,12
A00794X,EG2204,Project,15
A00794X,EG2204,Midterm,14
A00794X,EG2006,PE,9
A00794X,EG2006,Project,12
A00794X,EG2006,Midterm,16
A00800C,CS1231,PE,11
A00800C,CS1231,Project,14
A00800C,CS1231,Midterm,14
A00800C,EG1109,PE,10
A00800C,EG1109,Project,10
A00800C,EG1109,Midterm,9
A00800C,EG2008,PE,7
A00800C,EG2008,Project,11
A00800C,EG2008,Midterm,13
A00800C,MA1106,PE,14
A00800C,MA1106,Project,14
A00800C,MA1106,Midterm,16
A00800C,ST1231,PE,10
A00800C,ST1231,Project,15
A00800C,ST1231,Midterm,8
A00805O,CS2010,PE,14
A00805O,CS2010,Project,10
A00805O,CS2010,Midterm,12
A00805O,CS2107,PE,9
A00805O,CS2107,Project,14
A00805O,CS2107,Midterm,10
A00805O,EG2007,PE,14
A00805O,EG2007,Project,11
A00805O,EG2007,Midterm,9
A00805O,EG2008,PE,13
A00805O,EG2008,Project,15
A00805O,EG2008,Midterm,5
A00805O,MA2100,PE,6
A00805O,MA2100,Project,10
A00805O,MA2100,Midterm,15
A00805O,ST1231,PE,14
A00805O,ST1231,Project,14
A00805O,ST1231,Midterm,6
A00806E,CS1010E,PE,8
A00806E,CS1010E,Project,15
A00806E,CS1010E,Midterm,9
A00806E,CS1020,PE,13
A00806E,CS1020,Project,11
A00806E,CS1020,Midterm,18
A00806E,CS2010,PE,9
A00806E,CS2010,Project,13
A00806E,CS2010,Midterm,10
A00806E,CS1231,PE,12
A00806E,CS1231,Project,13
A00806E,CS1231,Midterm,13
A00806E,EG1108,PE,5
A00806E,EG1108,Project,13
A00806E,EG1108,Midterm,7
A00808B,CS1010E,PE,14
A00808B,CS1010E,Project,10
A00808B,CS1010E,Midterm,6
A00808B,CS2106,PE,7
A00808B,CS2106,Project,15
A00808B,CS2106,Midterm,10
A00808B,EG1108,PE,15
A00808B,EG1108,Project,13
A00808B,EG1108,Midterm,15
A00808B,EG2007,PE,9
A00808B,EG2007,Project,15
A00808B,EG2007,Midterm,7
A00808B,EG2009,PE,11
A00808B,EG2009,Project,11
A00808B,EG2009,Midterm,7
A00808B,ST2131,PE,14
A00808B,ST2131,Project,11
A00808B,ST2131,Midterm,9
A00817P,CS1020,PE,5
A00817P,CS1020,Project,15
A00817P,CS1020,Midterm,20
A00817P,CS2106,PE,14
A00817P,CS2106,Project,12
A00817P,CS2106,Midterm,11
A00817P,CS2107,PE,6
A00817P,CS2107,Project,13
A00817P,CS2107,Midterm,4
A00817P,EG2204,PE,14
A00817P,EG2204,Project,11
A00817P,EG2204,Midterm,12
A00817P,EG2009,PE,12
A00817P,EG2009,Project,11
A00817P,EG2009,Midterm,12
A00817P,ST2131,PE,14
A00817P,ST2131,Project,11
A00817P,ST2131,Midterm,15
A00824K,CS1231,PE,9
A00824K,CS1231,Project,15
A00824K,CS1231,Midterm,17
A00824K,EG1109,PE,6
A00824K,EG1109,Project,10
A00824K,EG1109,Midterm,20
A00824K,EG2009,PE,10
A00824K,EG2009,Project,15
A00824K,EG2009,Midterm,18
A00824K,MA2230,PE,6
A00824K,MA2230,Project,12
A00824K,MA2230,Midterm,14
A00830N,CS1231,PE,9
A00830N,CS1231,Project,13
A00830N,CS1231,Midterm,7
A00830N,EG1108,PE,10
A00830N,EG1108,Project,12
A00830N,EG1108,Midterm,11
A00830N,EG2006,PE,7
A00830N,EG2006,Project,13
A00830N,EG2006,Midterm,15
A00830N,EG2009,PE,13
A00830N,EG2009,Project,11
A00830N,EG2009,Midterm,8
A00830N,MA2230,PE,14
A00830N,MA2230,Project,15
A00830N,MA2230,Midterm,16
A00834C,CS1010E,PE,8
A00834C,CS1010E,Project,13
A00834C,CS1010E,Midterm,10
A00834C,CS1231,PE,15
A00834C,CS1231,Project,12
A00834C,CS1231,Midterm,5
A00834C,CS2106,PE,7
A00834C,CS2106,Project,11
A00834C,CS2106,Midterm,5
A00834C,EG2204,PE,10
A00834C,EG2204,Project,13
A00834C,EG2204,Midterm,18
A00834C,MA1105,PE,8
A00834C,MA1105,Project,11
A00834C,MA1105,Midterm,14
A00834C,MA2230,PE,12
A00834C,MA2230,Project,13
A00834C,MA2230,Midterm,11
A00841J,CS1231,PE,11
A00841J,CS1231,Project,11
A00841J,CS1231,Midterm,14
A00841J,CS2107,PE,13
A00841J,CS2107,Project,11
A00841J,CS2107,Midterm,6
A00841J,EG2006,PE,9
A00841J,EG2006,Project,14
A00841J,EG2006,Midterm,6
A00841J,EG2007,PE,13
A00841J,EG2007,Project,13
A00841J,EG2007,Midterm,8
A00841J,EG2008,PE,13
A00841J,EG2008,Project,15
A00841J,EG2008,Midterm,5
A00851K,CS2010,PE,13
A00851K,CS2010,Project,10
A00851K,CS2010,Midterm,6
A00851K,CS2105,PE,8
A00851K,CS2105,Project,12
A00851K,CS2105,Midterm,16
A00851K,EG2204,PE,12
A00851K,EG2204,Project,15
A00851K,EG2204,Midterm,17
A00851K,EG2006,PE,14
A00851K,EG2006,Project,10
A00851K,EG2006,Midterm,14
A00851K,MA1105,PE,11
A00851K,MA1105,Project,12
A00851K,MA1105,Midterm,10
A00852U,CS2105,PE,10
A00852U,CS2105,Project,11
A00852U,CS2105,Midterm,12
A00852U,EG2204,PE,9
A00852U,EG2204,Project,15
A00852U,EG2204,Midterm,17
A00852U,EG2008,PE,7
A00852U,EG2008,Project,12
A00852U,EG2008,Midterm,15
A00852U,MA1105,PE,10
A00852U,MA1105,Project,13
A00852U,MA1105,Midterm,7
A00858P,CS2105,PE,15
A00858P,CS2105,Project,12
A00858P,CS2105,Midterm,7
A00858P,EG1109,PE,12
A00858P,EG1109,Project,14
A00858P,EG1109,Midterm,9
A00858P,EG2204,PE,14
A00858P,EG2204,Project,11
A00858P,EG2204,Midterm,10
A00858P,EG2008,PE,9
A00858P,EG2008,Project,14
A00858P,EG2008,Midterm,12
A00858P,MA1106,PE,11
A00858P,MA1106,Project,14
A00858P,MA1106,Midterm,17
A00862H,CS2105,PE,13
A00862H,CS2105,Project,14
A00862H,CS2105,Midterm,19
A00862H,CS2106,PE,10
A00862H,CS2106,Project,13
A00862H,CS2106,Midterm,16
A00862H,CS2107,PE,14
A00862H,CS2107,Project,12
A00862H,CS2107,Midterm,13
A00862H,EG2006,PE,11
A00862H,EG2006,Project,15
A00862H,EG2006,Midterm,11
A00862H,EG2009,PE,12
A00862H,EG2009,Project,13
A00862H,EG2009,Midterm,18
A00866F,CS2105,PE,5
A00866F,CS2105,Project,12
A00866F,CS2105,Midterm,14
A00866F,EG1109,PE,11
A00866F,EG1109,Project,12
A00866F,EG1109,Midterm,11
A00866F,EG2006,PE,12
A00866F,EG2006,Project,14
A00866F,EG2006,Midterm,18
A00866F,MA1105,PE,14
A00866F,MA1105,Project,13
A00866F,MA1105,Midterm,10
A00866F,MA1106,PE,14
A00866F,MA1106,Project,12
A00866F,MA1106,Midterm,20
A00873V,CS1231,PE,12
A00873V,CS1231,Project,11
A00873V,CS1231,Midterm,10
A00873V,CS2106,PE,9
A00873V,CS2106,Project,15
A00873V,CS2106,Midterm,10
A00873V,EG2006,PE,15
A00873V,EG2006,Project,10
A00873V,EG2006,Midterm,14
A00873V,MA1106,PE,7
A00873V,MA1106,Project,13
A00873V,MA1106,Midterm,9
A00873V,ST1231,PE,8
A00873V,ST1231,Project,10
A00873V,ST1231,Midterm,5
A00883F,CS1020,PE,6
A00883F,CS1020,Project,11
A00883F,CS1020,Midterm,15
A00883F,CS1231,PE,15
A00883F,CS1231,Project,14
A00883F,CS1231,Midterm,9
A00883F,CS2107,PE,9
A00883F,CS2107,Project,15
A00883F,CS2107,Midterm,10
A00883F,EG1109,PE,6
A00883F,EG1109,Project,10
A00883F,EG1109,Midterm,14
A00883F,EG2008,PE,13
A00883F,EG2008,Project,12
A00883F,EG2008,Midterm,9
A00883F,EG2009,PE,10
A00883F,EG2009,Project,12
A00883F,EG2009,Midterm,14
A00889X,CS1231,PE,15
A00889X,CS1231,Project,15
A00889X,CS1231,Midterm,13
A00889X,CS2107,PE,14
A00889X,CS2107,Project,13
A00889X,CS2107,Midterm,18
A00889X,EG1108,PE,13
A00889X,EG1108,Project,13
A00889X,EG1108,Midterm,19
A00889X,EG2006,PE,5
A00889X,EG2006,Project,15
A00889X,EG2006,Midterm,7
A00889X,MA1106,PE,12
A00889X,MA1106,Project,11
A00889X,MA1106,Midterm,15
A00889X,ST2131,PE,9
A00889X,ST2131,Project,15
A00889X,ST2131,Midterm,20
A00897P,CS1231,PE,8
A00897P,CS1231,Project,13
A00897P,CS1231,Midterm,17
A00897P,EG1109,PE,15
A00897P,EG1109,Project,10
A00897P,EG1109,Midterm,18
A00897P,EG2006,PE,11
A00897P,EG2006,Project,13
A00897P,EG2006,Midterm,6
A00897P,EG2008,PE,15
A00897P,EG2008,Project,13
A00897P,EG2008,Midterm,10
A00897P,EG2009,PE,6
A00897P,EG2009,Project,14
A00897P,EG2009,Midterm,6
A00897P,ST2131,PE,8
A00897P,ST2131,Project,11
A00897P,ST2131,Midterm,9
A00906T,CS2010,PE,9
A00906T,CS2010,Project,12
A00906T,CS2010,Midterm,16
A00906T,CS2106,PE,5
A00906T,CS2106,Project,13
A00906T,CS2106,Midterm,7
A00906T,EG1108,PE,10
A00906T,EG1108,Project,10
A00906T,EG1108,Midterm,12
A00906T,EG1109,PE,9
A00906T,EG1109,Project,12
A00906T,EG1109,Midterm,19
A00907A,CS2010,PE,15
A00907A,CS2010,Project,14
A00907A,CS2010,Midterm,16
A00907A,EG1108,PE,7
A00907A,EG1108,Project,11
A00907A,EG1108,Midterm,15
A00907A,EG1109,PE,5
A00907A,EG1109,Project,15
A00907A,EG1109,Midterm,14
A00907A,EG2007,PE,13
A00907A,EG2007,Project,13
A00907A,EG2007,Midterm,18
A00907A,MA2100,PE,14
A00907A,MA2100,Project,14
A00907A,MA2100,Midterm,16
A00911R,CS2010,PE,9
A00911R,CS2010,Project,15
A00911R,CS2010,Midterm,11
A00911R,CS2105,PE,8
A00911R,CS2105,Project,15
A00911R,CS2105,Midterm,4
A00911R,EG1109,PE,12
A00911R,EG1109,Project,12
A00911R,EG1109,Midterm,19
A00911R,EG2006,PE,6
A00911R,EG2006,Project,12
A00911R,EG2006,Midterm,16
A00911R,EG2009,PE,5
A00911R,EG2009,Project,10
A00911R,EG2009,Midterm,11
A00911R,ST2131,PE,9
A00911R,ST2131,Project,10
A00911R,ST2131,Midterm,16
A00915Q,CS2010,PE,9
A00915Q,CS2010,Project,15
A00915Q,CS2010,Midterm,4
A00915Q,CS2105,PE,11
A00915Q,CS2105,Project,15
A00915Q,CS2105,Midterm,4
A00915Q,CS2107,PE,9
A00915Q,CS2107,Project,15
A00915Q,CS2107,Midterm,14
A00915Q,EG2006,PE,6
A00915Q,EG2006,Project,14
A00915Q,EG2006,Midterm,18
A00915Q,MA1105,PE,7
A00915Q,MA1105,Project,14
A00915Q,MA1105,Midterm,17
A00915Q,MA1106,PE,10
A00915Q,MA1106,Project,15
A00915Q,MA1106,Midterm,20
A00917G,CS1231,PE,13
A00917G,CS1231,Project,12
A00917G,CS1231,Midterm,10
A00917G,CS2106,PE,14
A00917G,CS2106,Project,10
A00917G,CS2106,Midterm,13
A00917G,EG1109,PE,12
A00917G,EG1109,Project,12
A00917G,EG1109,Midterm,10
A00917G,EG2008,PE,15
A00917G,EG2008,Project,11
A00917G,EG2008,Midterm,11
A00917G,MA1105,PE,15
A00917G,MA1105,Project,12
A00917G,MA1105,Midterm,8
A00919N,CS1231,PE,6
A00919N,CS1231,Project,12
A00919N,CS1231,Midterm,17
A00919N,CS2105,PE,13
A00919N,CS2105,Project,15
A00919N,CS2105,Midterm,10
A00919N,EG2204,PE,15
A00919N,EG2204,Project,10
A00919N,EG2204,Midterm,6
A00919N,MA1105,PE,15
A00919N,MA1105,Project,12
A00919N,MA1105,Midterm,6
A00919N,ST2131,PE,11
A00919N,ST2131,Project,14
A00919N,ST2131,Midterm,4
A00928T,CS1231,PE,11
A00928T,CS1231,Project,11
A00928T,CS1231,Midterm,13
A00928T,CS2107,PE,8
A00928T,CS2107,Project,15
A00928T,CS2107,Midterm,20
A00928T,EG2007,PE,15
A00928T,EG2007,Project,12
A00928T,EG2007,Midterm,18
A00928T,MA2100,PE,12
A00928T,MA2100,Project,12
A00928T,MA2100,Midterm,5
A00928T,ST2131,PE,6
A00928T,ST2131,Project,12
A00928T,ST2131,Midterm,12
A00933H,CS2010,PE,9
A00933H,CS2010,Project,10
A00933H,CS2010,Midterm,18
A00933H,CS1231,PE,15
A00933H,CS1231,Project,15
A00933H,CS1231,Midterm,8
A00933H,CS2107,PE,13
A00933H,CS2107,Project,10
A00933H,CS2107,Midterm,13
A00933H,EG2204,PE,8
A00933H,EG2204,Project,11
A00933H,EG2204,Midterm,15
A00933H,EG2007,PE,8
A00933H,EG2007,Project,15
A00933H,EG2007,Midterm,9
A00938Y,CS2105,PE,8
A00938Y,CS2105,Project,12
A00938Y,CS2105,Midterm,5
A00938Y,CS2107,PE,11
A00938Y,CS2107,Project,12
A00938Y,CS2107,Midterm,6
A00938Y,EG1109,PE,15
A00938Y,EG1109,Project,12
A00938Y,EG1109,Midterm,8
A00938Y,EG2204,PE,13
A00938Y,EG2204,Project,14
A00938Y,EG2204,Midterm,7
A00938Y,EG2008,PE,6
A00938Y,EG2008,Project,11
A00938Y,EG2008,Midterm,7
A00945B,CS2105,PE,6
A00945B,CS2105,Project,14
A00945B,CS2105,Midterm,18
A00945B,EG1109,PE,7
A00945B,EG1109,Project,12
A00945B,EG1109,Midterm,8
A00945B,EG2006,PE,5
A00945B,EG2006,Project,14
A00945B,EG2006,Midterm,10
A00945B,EG2009,PE,14
A00945B,EG2009,Project,14
A00945B,EG2009,Midterm,10
A00954V,CS1010E,PE,14
A00954V,CS1010E,Project,10
A00954V,CS1010E,Midterm,20
A00954V,CS2106,PE,12
A00954V,CS2106,Project,10
A00954V,CS2106,Midterm,15
A00954V,EG1109,PE,10
A00954V,EG1109,Project,15
A00954V,EG1109,Midterm,9
A00954V,EG2006,PE,12
A00954V,EG2006,Project,12
A00954V,EG2006,Midterm,19
A00954V,EG2008,PE,13
A00954V,EG2008,Project,10
A00954V,EG2008,Midterm,6
A00959C,CS1010E,PE,12
A00959C,CS1010E,Project,11
A00959C,CS1010E,Midterm,5
A00959C,CS1020,PE,6
A00959C,CS1020,Project,10
A00959C,CS1020,Midterm,7
A00959C,CS2105,PE,10
A00959C,CS2105,Project,10
A00959C,CS2105,Midterm,11
A00959C,EG2204,PE,13
A00959C,EG2204,Project,13
A00959C,EG2204,Midterm,10
A00959C,EG2007,PE,13
A00959C,EG2007,Project,15
A00959C,EG2007,Midterm,14
A00964Z,CS1231,PE,15
A00964Z,CS1231,Project,14
A00964Z,CS1231,Midterm,6
A00964Z,EG1108,PE,10
A00964Z,EG1108,Project,15
A00964Z,EG1108,Midterm,6
A00964Z,EG2006,PE,15
A00964Z,EG2006,Project,10
A00964Z,EG2006,Midterm,9
A00964Z,EG2009,PE,6
A00964Z,EG2009,Project,11
A00964Z,EG2009,Midterm,18
A00966A,CS1010E,PE,7
A00966A,CS1010E,Project,15
A00966A,CS1010E,Midterm,12
A00966A,CS2010,PE,5
A00966A,CS2010,Project,13
A00966A,CS2010,Midterm,7
A00966A,CS1231,PE,8
A00966A,CS1231,Project,10
A00966A,CS1231,Midterm,13
A00966A,EG1109,PE,12
A00966A,EG1109,Project,15
A00966A,EG1109,Midterm,6
A00966A,EG2009,PE,7
A00966A,EG2009,Project,10
A00966A,EG2009,Midterm,15
A00966A,MA2230,PE,6
A00966A,MA2230,Project,15
A00966A,MA2230,Midterm,11
A00971W,CS1010E,PE,11
A00971W,CS1010E,Project,13
A00971W,CS1010E,Midterm,6
A00971W,CS1231,PE,15
A00971W,CS1231,Project,12
A00971W,CS1231,Midterm,11
A00971W,CS2105,PE,12
A00971W,CS2105,Project,11
A00971W,CS2105,Midterm,13
A00971W,CS2106,PE,8
A00971W,CS2106,Project,11
A00971W,CS2106,Midterm,7
A00971W,EG2204,PE,7
A00971W,EG2204,Project,11
A00971W,EG2204,Midterm,6
A00980B,CS1010E,PE,9
A00980B,CS1010E,Project,13
A00980B,CS1010E,Midterm,16
A00980B,CS2010,PE,13
A00980B,CS2010,Project,11
A00980B,CS2010,Midterm,18
A00980B,CS1231,PE,11
A00980B,CS1231,Project,10
A00980B,CS1231,Midterm,4
A00980B,EG1109,PE,6
A00980B,EG1109,Project,14
A00980B,EG1109,Midterm,11
A00987A,CS2010,PE,8
A00987A,CS2010,Project,11
A00987A,CS2010,Midterm,4
A00987A,CS1231,PE,13
A00987A,CS1231,Project,12
A00987A,CS1231,Midterm,9
A00987A,CS2107,PE,10
A00987A,CS2107,Project,12
A00987A,CS2107,Midterm,11
A00987A,EG2006,PE,7
A00987A,EG2006,Project,12
A00987A,EG2006,Midterm,9
A00987A,EG2008,PE,11
A00987A,EG2008,Project,14
A00987A,EG2008,Midterm,11
A00987A,MA1106,PE,7
A00987A,MA1106,Project,15
A00987A,MA1106,Midterm,19
A00996H,CS1010E,PE,11
A00996H,CS1010E,Project,10
A00996H,CS1010E,Midterm,14
A00996H,CS2010,PE,12
A00996H,CS2010,Project,10
A00996H,CS2010,Midterm,19
A00996H,CS1231,PE,9
A00996H,CS1231,Project,14
A00996H,CS1231,Midterm,13
A00996H,CS2105,PE,13
A00996H,CS2105,Project,12
A00996H,CS2105,Midterm,16
A00996H,EG1109,PE,6
A00996H,EG1109,Project,11
A00996H,EG1109,Midterm,18